address,string,notes
0x10015f30,/item/ItemCoin/ItemCoin.bfres,xref FUN_02131994 (model load)
0x100163b0,ItemCoin,xref FUN_02133314 (pool init). Ghidra reports it at 0x100163af because the preceding byte 0x34 is ASCII '4'
0x1001d3f0,CoinGet,xref FUN_0216e7d0 (kart particle emitter name). Ghidra reports 0x1001d3ef (same '4' artifact)
0x1003a6ac,MovingCoin,no references found
0x1003dd64,Coin/Coin.bfres,xref FUN_02232a34 (course object model loader)
0x10054fe8,pSE_OBJ_N64RTRAIN_COIN_THROWN,xref FUN_022980cc
0x100661a8,pSE_OBJ_BDSANDSHIP_COIN_THROWN,xref FUN_022d0ab8
0x10089710,mCoinNum,xref FUN_0239993c (field registered on RaceKartChecker)
0x100a63fc,It_Coin,referenced from data table 0x10150f34
0x100b32b8,Get_Coin,HUD layout animation name; FUN_02510330
0x100b32c4,Color_Coin,HUD layout animation name; FUN_02510330
0x100b32f4,T_Coin_00,HUD text pane; FUN_0251046c
0x100b5cec,L_LapCoin_00,HUD layout object; FUN_02525904
0x10149f5c,SE name list (contains SE_OBJ_COIN_GET_PL_1..10 SE_ITM_Coin SE_KT_DASH_COIN SE_OBJ_COIN_BOSSHU SE_OBJ_COIN_BARA_1),xref FUN_02066730
0x1014c278,item name list (None KouraG ... ItemCoin ... Coin_Equip ...),xref FUN_0211b4c4
0x10150438,item name list (second copy),xref FUN_023c6b98
