address,name,kind,library,signed,aliased,documented,matched
0x02066730,SoundEffectNames_Init,game_func,,0,0,1,0
0x02072608,GroundSound_UpdateTerrain,game_func,,0,0,1,0
0x02080d0c,GroundSound_GetBankName,game_func,,0,0,1,0
0x020ec384,RailHolder_Load_020ec384,game_func,,0,0,0,1
0x020ec494,RailHolder_Dispatch_020ec494,game_func,,0,0,0,1
0x020ec4c8,RailHolder_LoadWide_020ec4c8,game_func,,0,0,0,1
0x02101f84,RailHolder_GetPoint_02101f84,game_func,,0,0,0,1
0x021090a8,RailPoint_LinkNext_021090a8,game_func,,0,0,0,1
0x02109198,RailPath_Build_02109198,game_func,,0,0,0,1
0x0210941c,RailHolder_NewPoint_0210941c,game_func,,0,0,0,1
0x02119264,ItemCoin_SharedReset_02119264,game_func,,0,0,0,1
0x021193f8,ItemCoin_StateCheck_021193f8,game_func,,0,0,0,1
0x0211b4c4,ItemNameTable_user,game_func,,0,0,1,1
0x0211b82c,ItemCoin_SharedResetThunk_0211b82c,game_func,,0,0,0,1
0x0211b830,ItemCoin_StateReset_0211b830,game_func,,0,0,0,1
0x021212c4,ItemCoin_Effects_021212c4,game_func,,0,0,0,1
0x02131904,ItemCoin_ctor,game_func,,0,0,1,1
0x02131994,ItemCoin_LoadModel,game_func,,0,0,1,1
0x02132ac4,ItemCoin_BindEmitter_02132ac4,game_func,,0,0,0,1
0x02132ae4,ItemCoin_Tail_02132ae4,game_func,,0,0,0,1
0x02132ff0,ItemCoin_Empty,game_func,,0,0,0,0
0x02132ff4,ItemCoin_Message_02132ff4,game_func,,0,0,0,1
0x02133298,ItemCoin_Vfn_02133298,game_func,,0,0,0,1
0x02133314,ItemCoin_PoolInit,game_func,,0,0,1,1
0x02133970,ItemCoin_Create,game_func,,0,0,1,1
0x0216e7d0,KartEffect_BindEmitters,game_func,,0,0,1,0
0x021814a4,TrailManager_LoadTireMarkResource,game_func,,0,0,1,0
0x021f9bb8,Bird_CreateHelper_021f9bb8,game_func,,0,0,0,1
0x02232a34,CourseObject_LoadModels,game_func,,0,0,1,0
0x022980cc,N64RTrain_CoinThrown_SE_user,game_func,,0,0,1,0
0x022d0ab8,BDSandShip_CoinThrown_SE_user,game_func,,0,0,1,0
0x022ee1e4,ObjTire_CreateHelper,game_func,,0,0,1,1
0x022ee224,ObjTire_InitSoundParams,game_func,,0,0,1,0
0x022ee384,ObjTire_Reset,game_func,,0,0,1,0
0x022ee4bc,ObjTire_Update,game_func,,0,0,1,0
0x023839d4,KartTireModel_Load,game_func,,0,0,1,0
0x0238fbd4,RacePreload_CommonResources,game_func,,0,0,1,0
0x02392930,GroundSound_LoadAllBanks,game_func,,0,0,1,0
0x0239993c,RaceKartChecker_ctor,game_func,,0,0,1,0
0x023a3800,KartResourceSet_ctor,game_func,,0,0,1,0
0x023c6b98,ItemNameTable_user2,game_func,,0,0,1,0
0x02510330,CoinHud_SetupAnimGroups,game_func,,0,0,1,1
0x0251046c,CoinHud_BindPanes,game_func,,0,0,1,1
0x02525904,RaceHud_BuildLayout,game_func,,0,0,1,0
0xc0009808,MEMAllocFromDefaultHeap,import_data,coreinit,0,0,0,0
0xc0009810,MEMAllocFromDefaultHeapEx,import_data,coreinit,0,0,0,0
0xc0009818,MEMFreeToDefaultHeap,import_data,coreinit,0,0,0,0
0xc0009840,__atexit_cleanup,import_data,coreinit,0,0,0,0
0xc0009848,__cpp_exception_cleanup_ptr,import_data,coreinit,0,0,0,0
0xc0009850,__cpp_exception_init_ptr,import_data,coreinit,0,0,0,0
0xc0009858,__gh_FOPEN_MAX,import_data,coreinit,0,0,0,0
0xc0009870,_iob,import_data,coreinit,0,0,0,0
0xc000f888,MV_CacheSize,import_data,mvplayer,0,0,0,0
0xc000f890,MV_H264Frames,import_data,mvplayer,0,0,0,0
0xc000f898,MV_H264Height,import_data,mvplayer,0,0,0,0
0xc000f8a0,MV_H264Level,import_data,mvplayer,0,0,0,0
0xc000f8a8,MV_H264Profile,import_data,mvplayer,0,0,0,0
0xc000f8b0,MV_H264Width,import_data,mvplayer,0,0,0,0
0xc000f8b8,MV_Heap,import_data,mvplayer,0,0,0,0
0xc000f8c0,MV_HeapForH264,import_data,mvplayer,0,0,0,0
0xc0007558,DCFlushRange,import_func,coreinit,1,0,0,0
0xc0007560,DCFlushRangeNoSync,import_func,coreinit,1,0,0,0
0xc0007568,DCInvalidateRange,import_func,coreinit,1,0,0,0
0xc0007588,DCZeroRange,import_func,coreinit,1,0,0,0
0xc0007640,ENVGetEnvironmentVariable,import_func,coreinit,0,0,0,0
0xc0007968,FSAddClient,import_func,coreinit,1,0,0,0
0xc00079d8,FSCloseDir,import_func,coreinit,0,0,0,0
0xc00079e8,FSCloseFile,import_func,coreinit,1,0,0,0
0xc00079f8,FSDelClient,import_func,coreinit,1,0,0,0
0xc0007a28,FSFlushQuota,import_func,coreinit,0,0,0,0
0xc0007a58,FSGetCwd,import_func,coreinit,0,0,0,0
0xc0007ab0,FSGetLastError,import_func,coreinit,0,0,0,0
0xc0007ab8,FSGetLastErrorCodeForViewer,import_func,coreinit,0,0,0,0
0xc0007ac0,FSGetMountSource,import_func,coreinit,0,0,0,0
0xc0007af0,FSGetStat,import_func,coreinit,0,0,0,0
0xc0007b00,FSGetStatFile,import_func,coreinit,0,0,0,0
0xc0007b38,FSInit,import_func,coreinit,1,0,0,0
0xc0007b40,FSInitCmdBlock,import_func,coreinit,1,0,0,0
0xc0007b88,FSMount,import_func,coreinit,0,0,0,0
0xc0007b98,FSOpenDir,import_func,coreinit,0,0,0,0
0xc0007ba8,FSOpenFile,import_func,coreinit,1,0,0,0
0xc0007bc8,FSReadDir,import_func,coreinit,0,0,0,0
0xc0007bd8,FSReadFile,import_func,coreinit,1,0,0,0
0xc0007be8,FSReadFileWithPos,import_func,coreinit,0,0,0,0
0xc0007c58,FSSetCmdPriority,import_func,coreinit,0,0,0,0
0xc0007c68,FSSetPosFile,import_func,coreinit,1,0,0,0
0xc0007c78,FSSetStateChangeNotification,import_func,coreinit,0,0,0,0
0xc0007c88,FSShutdown,import_func,coreinit,1,0,0,0
0xc0007ca8,FSUnmount,import_func,coreinit,0,0,0,0
0xc0007cb8,FSWriteFile,import_func,coreinit,1,0,0,0
0xc0007f18,LCAlloc,import_func,coreinit,0,0,0,0
0xc0007f20,LCDealloc,import_func,coreinit,0,0,0,0
0xc0007f28,LCDisableDMA,import_func,coreinit,0,0,0,0
0xc0007f30,LCEnableDMA,import_func,coreinit,0,0,0,0
0xc0007f50,LCGetUnallocated,import_func,coreinit,0,0,0,0
0xc0007f58,LCHardwareIsAvailable,import_func,coreinit,0,0,0,0
0xc0007f60,LCIsDMAEnabled,import_func,coreinit,0,0,0,0
0xc0007f68,LCLoadDMABlocks,import_func,coreinit,0,0,0,0
0xc0007f70,LCStoreDMABlocks,import_func,coreinit,0,0,0,0
0xc0007f78,LCWaitDMAQueue,import_func,coreinit,0,0,0,0
0xc0008050,MCP_Close,import_func,coreinit,0,0,0,0
0xc00081e8,MCP_GetSysProdSettings,import_func,coreinit,0,0,0,0
0xc0008308,MCP_Open,import_func,coreinit,0,0,0,0
0xc00084d8,MEMAllocFromExpHeapEx,import_func,coreinit,1,0,0,0
0xc00084e0,MEMAllocFromFrmHeapEx,import_func,coreinit,1,0,0,0
0xc0008520,MEMCreateExpHeapEx,import_func,coreinit,1,0,0,0
0xc0008528,MEMCreateFrmHeapEx,import_func,coreinit,1,0,0,0
0xc0008548,MEMDestroyExpHeap,import_func,coreinit,1,0,0,0
0xc0008550,MEMDestroyFrmHeap,import_func,coreinit,1,0,0,0
0xc0008590,MEMFreeToExpHeap,import_func,coreinit,1,0,0,0
0xc00085c0,MEMGetAllocatableSizeForExpHeapEx,import_func,coreinit,1,0,0,0
0xc00085d8,MEMGetBaseHeapHandle,import_func,coreinit,1,0,0,0
0xc0008620,MEMGetTotalFreeSizeForExpHeap,import_func,coreinit,1,0,0,0
0xc00087d0,OSBlockMove,import_func,coreinit,1,1,0,0
0xc00087d8,OSBlockSet,import_func,coreinit,1,0,0,0
0xc00087f0,OSCancelAlarm,import_func,coreinit,1,0,0,0
0xc00087f8,OSCancelAlarms,import_func,coreinit,0,0,0,0
0xc0008840,OSCoherencyBarrier,import_func,coreinit,0,0,0,0
0xc0008868,OSConsoleWrite,import_func,coreinit,1,0,0,0
0xc0008888,OSCreateAlarm,import_func,coreinit,1,0,0,0
0xc0008898,OSCreateThread,import_func,coreinit,1,1,0,0
0xc00088b0,OSDisableInterrupts,import_func,coreinit,1,0,0,0
0xc00088b8,OSDisableOverlayArena,import_func,coreinit,0,0,0,0
0xc00088e0,OSDriver_Register,import_func,coreinit,0,0,0,0
0xc00088f8,OSDynLoad_Acquire,import_func,coreinit,0,0,0,0
0xc0008920,OSDynLoad_FindExport,import_func,coreinit,0,0,0,0
0xc0008930,OSDynLoad_GetAllocator,import_func,coreinit,0,0,0,0
0xc0008960,OSDynLoad_Release,import_func,coreinit,0,0,0,0
0xc0008968,OSDynLoad_SetAllocator,import_func,coreinit,0,0,0,0
0xc0008988,OSEnableHomeButtonMenu,import_func,coreinit,0,0,0,0
0xc0008998,OSEnableOverlayArena,import_func,coreinit,0,0,0,0
0xc00089a8,OSEnforceInorderIO,import_func,coreinit,0,0,0,0
0xc00089b0,OSExitThread,import_func,coreinit,1,0,0,0
0xc00089d0,OSFastMutex_Init,import_func,coreinit,1,0,0,0
0xc00089d8,OSFastMutex_Lock,import_func,coreinit,1,0,0,0
0xc00089e0,OSFastMutex_TryLock,import_func,coreinit,1,0,0,0
0xc00089e8,OSFastMutex_Unlock,import_func,coreinit,1,0,0,0
0xc0008a28,OSGetAlarmUserData,import_func,coreinit,1,0,0,0
0xc0008a78,OSGetCoreId,import_func,coreinit,1,0,0,0
0xc0008a90,OSGetCurrentThread,import_func,coreinit,1,0,0,0
0xc0008b28,OSGetSharedData,import_func,coreinit,0,0,0,0
0xc0008b58,OSGetSystemInfo,import_func,coreinit,0,0,0,0
0xc0008b70,OSGetSystemTime,import_func,coreinit,1,0,0,0
0xc0008b98,OSGetThreadPriority,import_func,coreinit,1,0,0,0
0xc0008ba0,OSGetThreadSpecific,import_func,coreinit,1,0,0,0
0xc0008ba8,OSGetTick,import_func,coreinit,1,0,0,0
0xc0008bb0,OSGetTime,import_func,coreinit,1,0,0,0
0xc0008c00,OSInitCond,import_func,coreinit,1,0,0,0
0xc0008c20,OSInitEvent,import_func,coreinit,1,0,0,0
0xc0008c30,OSInitMessageQueue,import_func,coreinit,1,0,0,0
0xc0008c40,OSInitMutex,import_func,coreinit,1,0,0,0
0xc0008c50,OSInitRendezvous,import_func,coreinit,0,0,0,0
0xc0008c78,OSInitThreadQueue,import_func,coreinit,0,0,0,0
0xc0008c88,OSIsAddressRangeDCValid,import_func,coreinit,0,0,0,0
0xc0008ca0,OSIsDebuggerInitialized,import_func,coreinit,0,0,0,0
0xc0008ca8,OSIsDebuggerPresent,import_func,coreinit,0,0,0,0
0xc0008cb0,OSIsEnabledOverlayArena,import_func,coreinit,0,0,0,0
0xc0008cb8,OSIsHomeButtonMenuEnabled,import_func,coreinit,0,0,0,0
0xc0008ce8,OSJoinThread,import_func,coreinit,1,0,0,0
0xc0008d28,OSLockMutex,import_func,coreinit,1,0,0,0
0xc0008d78,OSMemoryBarrier,import_func,coreinit,0,0,0,0
0xc0008d98,OSPanic,import_func,coreinit,0,0,0,0
0xc0008db0,OSReadRegister16,import_func,coreinit,0,0,0,0
0xc0008dc0,OSReceiveMessage,import_func,coreinit,1,0,0,0
0xc0008dd8,OSReport,import_func,coreinit,0,0,0,0
0xc0008e08,OSResetEvent,import_func,coreinit,1,0,0,0
0xc0008e20,OSRestoreInterrupts,import_func,coreinit,1,0,0,0
0xc0008e28,OSResumeThread,import_func,coreinit,1,1,0,0
0xc0008e58,OSSavesDone_ReadyToRelease,import_func,coreinit,0,0,0,0
0xc0008eb8,OSSendMessage,import_func,coreinit,1,0,0,0
0xc0008ec8,OSSetAlarm,import_func,coreinit,1,0,0,0
0xc0008ee0,OSSetAlarmUserData,import_func,coreinit,1,0,0,0
0xc0008f30,OSSetPeriodicAlarm,import_func,coreinit,1,0,0,0
0xc0008f50,OSSetThreadAffinity,import_func,coreinit,1,1,0,0
0xc0008f70,OSSetThreadName,import_func,coreinit,1,1,0,0
0xc0008f78,OSSetThreadPriority,import_func,coreinit,1,0,0,0
0xc0008f88,OSSetThreadSpecific,import_func,coreinit,1,0,0,0
0xc0008fa0,OSSignalCond,import_func,coreinit,1,0,0,0
0xc0008fa8,OSSignalEvent,import_func,coreinit,1,0,0,0
0xc0008fc8,OSSleepTicks,import_func,coreinit,1,0,0,0
0xc0009078,OSTicksToCalendarTime,import_func,coreinit,0,0,0,0
0xc0009090,OSTryLockMutex,import_func,coreinit,1,0,0,0
0xc00090c0,OSUnlockMutex,import_func,coreinit,1,0,0,0
0xc00090d0,OSVReport,import_func,coreinit,0,0,0,0
0xc00090e0,OSWaitCond,import_func,coreinit,1,0,0,0
0xc00090e8,OSWaitEvent,import_func,coreinit,1,0,0,0
0xc00090f0,OSWaitEventWithTimeout,import_func,coreinit,1,0,0,0
0xc0009100,OSWaitRendezvous,import_func,coreinit,0,0,0,0
0xc0009120,OSWriteRegister16,import_func,coreinit,0,0,0,0
0xc0009140,OSYieldThread,import_func,coreinit,1,0,0,0
0xc0009300,UCClose,import_func,coreinit,0,0,0,0
0xc0009328,UCOpen,import_func,coreinit,0,0,0,0
0xc0009340,UCReadSysConfig,import_func,coreinit,0,0,0,0
0xc0009360,_Exit,import_func,coreinit,1,0,0,0
0xc0009530,__OSReadRegister32Ex,import_func,coreinit,0,0,0,0
0xc0009628,__OSWriteRegister32Ex,import_func,coreinit,0,0,0,0
0xc0009688,__gh_set_errno,import_func,coreinit,0,0,0,0
0xc0009690,__ghsLock,import_func,coreinit,0,0,0,0
0xc0009698,__ghsUnlock,import_func,coreinit,0,0,0,0
0xc00096c0,__ghs_flock_file,import_func,coreinit,0,0,0,0
0xc00096c8,__ghs_flock_ptr,import_func,coreinit,0,0,0,0
0xc00096d8,__ghs_funlock_file,import_func,coreinit,0,0,0,0
0xc00096e0,__ghs_mtx_dst,import_func,coreinit,0,0,0,0
0xc00096e8,__ghs_mtx_init,import_func,coreinit,0,0,0,0
0xc00096f0,__ghs_mtx_lock,import_func,coreinit,0,0,0,0
0xc00096f8,__ghs_mtx_unlock,import_func,coreinit,0,0,0,0
0xc0009720,bspGetHardwareVersion,import_func,coreinit,0,0,0,0
0xc0009758,exit,import_func,coreinit,1,0,0,0
0xc0009768,memcpy,import_func,coreinit,1,1,0,0
0xc0009770,memmove,import_func,coreinit,1,0,0,0
0xc0009778,memset,import_func,coreinit,1,0,0,0
0xc00098e0,KPADDisableMpls,import_func,padscore,0,0,0,0
0xc0009920,KPADEnableMpls,import_func,padscore,0,0,0,0
0xc00099c0,KPADGetMplsWorkSize,import_func,padscore,0,0,0,0
0xc0009a10,KPADInitEx,import_func,padscore,0,0,0,0
0xc0009a78,KPADReadEx,import_func,padscore,0,0,0,0
0xc0009ac8,KPADSetConnectCallback,import_func,padscore,0,0,0,0
0xc0009b60,KPADSetMplsWorkarea,import_func,padscore,0,0,0,0
0xc0009c28,WENCGetEncodeData,import_func,padscore,0,0,0,0
0xc0009c38,WPADCanSendStreamData,import_func,padscore,0,0,0,0
0xc0009c88,WPADControlMotor,import_func,padscore,0,0,0,0
0xc0009c90,WPADControlSpeaker,import_func,padscore,0,0,0,0
0xc0009cb0,WPADDisconnect,import_func,padscore,0,0,0,0
0xc0009cc8,WPADEnableURCC,import_func,padscore,0,0,0,0
0xc0009da0,WPADGetSpeakerVolume,import_func,padscore,0,0,0,0
0xc0009e20,WPADIsMplsAttached,import_func,padscore,0,0,0,0
0xc0009e48,WPADProbe,import_func,padscore,0,0,0,0
0xc0009eb0,WPADSendStreamData,import_func,padscore,0,0,0,0
0xc000a188,curl_easy_cleanup,import_func,nlibcurl,0,0,0,0
0xc000a1b0,curl_easy_pause,import_func,nlibcurl,0,0,0,0
0xc000a1d8,curl_easy_setopt,import_func,nlibcurl,0,0,0,0
0xc000a200,curl_formfree,import_func,nlibcurl,0,0,0,0
0xc000a220,curl_global_cleanup,import_func,nlibcurl,0,0,0,0
0xc000a230,curl_global_init_mem,import_func,nlibcurl,0,0,0,0
0xc000a260,curl_multi_add_handle,import_func,nlibcurl,0,0,0,0
0xc000a270,curl_multi_cleanup,import_func,nlibcurl,0,0,0,0
0xc000a278,curl_multi_fdset,import_func,nlibcurl,0,0,0,0
0xc000a280,curl_multi_info_read,import_func,nlibcurl,0,0,0,0
0xc000a288,curl_multi_init,import_func,nlibcurl,0,0,0,0
0xc000a290,curl_multi_perform,import_func,nlibcurl,0,0,0,0
0xc000a298,curl_multi_remove_handle,import_func,nlibcurl,0,0,0,0
0xc000a2c8,curl_multi_timeout,import_func,nlibcurl,0,0,0,0
0xc000a318,curl_slist_append,import_func,nlibcurl,0,0,0,0
0xc000a320,curl_slist_free_all,import_func,nlibcurl,0,0,0,0
0xc000a340,mw_curl_easy_init,import_func,nlibcurl,0,0,0,0
0xc000a398,NSSLAddServerPKIGroups,import_func,nsysnet,0,0,0,0
0xc000a3a8,NSSLCreateContext,import_func,nsysnet,0,0,0,0
0xc000a3b8,NSSLDestroyContext,import_func,nsysnet,0,0,0,0
0xc000a3e0,NSSLFinish,import_func,nsysnet,0,0,0,0
0xc000a418,NSSLInit,import_func,nsysnet,0,0,0,0
0xc000a5c0,bind,import_func,nsysnet,0,0,0,0
0xc000a608,gethostbyname,import_func,nsysnet,0,0,0,0
0xc000a628,getsockname,import_func,nsysnet,0,0,0,0
0xc000a638,htonl,import_func,nsysnet,0,0,0,0
0xc000a640,htons,import_func,nsysnet,0,0,0,0
0xc000a650,inet_ntoa,import_func,nsysnet,0,0,0,0
0xc000a668,inet_pton,import_func,nsysnet,0,0,0,0
0xc000a678,mw_socket,import_func,nsysnet,0,0,0,0
0xc000a7f0,ntohl,import_func,nsysnet,0,0,0,0
0xc000a7f8,ntohs,import_func,nsysnet,0,0,0,0
0xc000a800,recv,import_func,nsysnet,0,0,0,0
0xc000a808,recvfrom,import_func,nsysnet,0,0,0,0
0xc000a818,select,import_func,nsysnet,0,0,0,0
0xc000a820,send,import_func,nsysnet,0,0,0,0
0xc000a828,sendto,import_func,nsysnet,0,0,0,0
0xc000a830,sendto_multi,import_func,nsysnet,0,0,0,0
0xc000a840,set_resolver_allocator,import_func,nsysnet,0,0,0,0
0xc000a850,setsockopt,import_func,nsysnet,0,0,0,0
0xc000a858,shutdown,import_func,nsysnet,0,0,0,0
0xc000a878,socket_lib_finish,import_func,nsysnet,0,0,0,0
0xc000a880,socket_lib_init,import_func,nsysnet,0,0,0,0
0xc000a888,socketclose,import_func,nsysnet,0,0,0,0
0xc000a898,socketlasterr,import_func,nsysnet,0,0,0,0
0xc000a8d0,GX2BeginDisplayListEx,import_func,gx2,0,0,0,0
0xc000a8e0,GX2CalcColorBufferAuxInfo,import_func,gx2,0,0,0,0
0xc000a8e8,GX2CalcDRCSize,import_func,gx2,0,0,0,0
0xc000a8f0,GX2CalcDepthBufferHiZInfo,import_func,gx2,0,0,0,0
0xc000a8f8,GX2CalcFetchShaderSizeEx,import_func,gx2,0,0,0,0
0xc000a900,GX2CalcGeometryShaderInputRingBufferSize,import_func,gx2,0,0,0,0
0xc000a908,GX2CalcGeometryShaderOutputRingBufferSize,import_func,gx2,0,0,0,0
0xc000a910,GX2CalcSurfaceSizeAndAlignment,import_func,gx2,0,0,0,0
0xc000a918,GX2CalcTVSize,import_func,gx2,0,0,0,0
0xc000a920,GX2CallDisplayList,import_func,gx2,0,0,0,0
0xc000a930,GX2ClearBuffersEx,import_func,gx2,0,0,0,0
0xc000a938,GX2ClearColor,import_func,gx2,0,0,0,0
0xc000a940,GX2ClearDepthStencilEx,import_func,gx2,0,0,0,0
0xc000a950,GX2CopyColorBufferToScanBuffer,import_func,gx2,0,0,0,0
0xc000a960,GX2CopySurface,import_func,gx2,0,0,0,0
0xc000a9a0,GX2DirectCallDisplayList,import_func,gx2,0,0,0,0
0xc000a9a8,GX2DrawDone,import_func,gx2,0,0,0,0
0xc000a9b0,GX2DrawEx,import_func,gx2,0,0,0,0
0xc000a9b8,GX2DrawIndexedEx,import_func,gx2,0,0,0,0
0xc000a9d0,GX2EndDisplayList,import_func,gx2,0,0,0,0
0xc000a9d8,GX2ExpandAAColorBuffer,import_func,gx2,0,0,0,0
0xc000a9e0,GX2ExpandDepthBuffer,import_func,gx2,0,0,0,0
0xc000a9e8,GX2Flush,import_func,gx2,0,0,0,0
0xc000a9f8,GX2GPUTimeToCPUTime,import_func,gx2,0,0,0,0
0xc000aa30,GX2GetContextStateDisplayList,import_func,gx2,0,0,0,0
0xc000aa58,GX2GetCurrentDisplayList,import_func,gx2,0,0,0,0
0xc000aaa8,GX2GetGeometryShaderGPRs,import_func,gx2,0,0,0,0
0xc000aab0,GX2GetGeometryShaderStackEntries,import_func,gx2,0,0,0,0
0xc000ab10,GX2GetPixelShaderGPRs,import_func,gx2,0,0,0,0
0xc000ab18,GX2GetPixelShaderStackEntries,import_func,gx2,0,0,0,0
0xc000ab88,GX2GetSwapStatus,import_func,gx2,0,0,0,0
0xc000abd0,GX2GetVertexShaderGPRs,import_func,gx2,0,0,0,0
0xc000abd8,GX2GetVertexShaderStackEntries,import_func,gx2,0,0,0,0
0xc000abe8,GX2Init,import_func,gx2,0,0,0,0
0xc000ac10,GX2InitColorBufferRegs,import_func,gx2,0,0,0,0
0xc000ac28,GX2InitDepthBufferHiZEnable,import_func,gx2,0,0,0,0
0xc000ac30,GX2InitDepthBufferRegs,import_func,gx2,0,0,0,0
0xc000ac40,GX2InitFetchShaderEx,import_func,gx2,0,0,0,0
0xc000ac78,GX2InitSampler,import_func,gx2,0,0,0,0
0xc000ac80,GX2InitSamplerBorderType,import_func,gx2,0,0,0,0
0xc000ac88,GX2InitSamplerClamping,import_func,gx2,0,0,0,0
0xc000ac90,GX2InitSamplerDepthCompare,import_func,gx2,0,0,0,0
0xc000aca0,GX2InitSamplerLOD,import_func,gx2,0,0,0,0
0xc000acb0,GX2InitSamplerXYFilter,import_func,gx2,0,0,0,0
0xc000acb8,GX2InitSamplerZMFilter,import_func,gx2,0,0,0,0
0xc000acd8,GX2InitTextureRegs,import_func,gx2,0,0,0,0
0xc000ace8,GX2Invalidate,import_func,gx2,0,0,0,0
0xc000adf0,GX2QueryBegin,import_func,gx2,0,0,0,0
0xc000adf8,GX2QueryBeginConditionalRender,import_func,gx2,0,0,0,0
0xc000ae00,GX2QueryEnd,import_func,gx2,0,0,0,0
0xc000ae08,GX2QueryEndConditionalRender,import_func,gx2,0,0,0,0
0xc000af88,GX2SampleBottomGPUCycle,import_func,gx2,0,0,0,0
0xc000afa0,GX2SampleTopGPUCycle,import_func,gx2,0,0,0,0
0xc000afa8,GX2SaveStreamOutContext,import_func,gx2,0,0,0,0
0xc000afb8,GX2SetAlphaTest,import_func,gx2,0,0,0,0
0xc000afc0,GX2SetAlphaTestReg,import_func,gx2,0,0,0,0
0xc000afc8,GX2SetAlphaToMask,import_func,gx2,0,0,0,0
0xc000afd8,GX2SetAttribBuffer,import_func,gx2,0,0,0,0
0xc000afe0,GX2SetBlendConstantColor,import_func,gx2,0,0,0,0
0xc000afe8,GX2SetBlendConstantColorReg,import_func,gx2,0,0,0,0
0xc000aff0,GX2SetBlendControl,import_func,gx2,0,0,0,0
0xc000aff8,GX2SetBlendControlReg,import_func,gx2,0,0,0,0
0xc000b000,GX2SetClearDepthStencil,import_func,gx2,0,0,0,0
0xc000b008,GX2SetColorBuffer,import_func,gx2,0,0,0,0
0xc000b010,GX2SetColorControl,import_func,gx2,0,0,0,0
0xc000b018,GX2SetColorControlReg,import_func,gx2,0,0,0,0
0xc000b020,GX2SetContextState,import_func,gx2,0,0,0,0
0xc000b030,GX2SetCullOnlyControl,import_func,gx2,0,0,0,0
0xc000b038,GX2SetDRCBuffer,import_func,gx2,0,0,0,0
0xc000b048,GX2SetDRCEnable,import_func,gx2,0,0,0,0
0xc000b050,GX2SetDRCGamma,import_func,gx2,0,0,0,0
0xc000b058,GX2SetDRCScale,import_func,gx2,0,0,0,0
0xc000b070,GX2SetDefaultState,import_func,gx2,0,0,0,0
0xc000b078,GX2SetDepthBuffer,import_func,gx2,0,0,0,0
0xc000b080,GX2SetDepthOnlyControl,import_func,gx2,0,0,0,0
0xc000b088,GX2SetDepthStencilControl,import_func,gx2,0,0,0,0
0xc000b090,GX2SetDepthStencilControlReg,import_func,gx2,0,0,0,0
0xc000b0a0,GX2SetFetchShader,import_func,gx2,0,0,0,0
0xc000b0b8,GX2SetGeometrySampler,import_func,gx2,0,0,0,0
0xc000b0c0,GX2SetGeometrySamplerBorderColor,import_func,gx2,0,0,0,0
0xc000b0c8,GX2SetGeometryShader,import_func,gx2,0,0,0,0
0xc000b0d0,GX2SetGeometryShaderInputRingBuffer,import_func,gx2,0,0,0,0
0xc000b0d8,GX2SetGeometryShaderOutputRingBuffer,import_func,gx2,0,0,0,0
0xc000b0e0,GX2SetGeometryTexture,import_func,gx2,0,0,0,0
0xc000b0e8,GX2SetGeometryUniformBlock,import_func,gx2,0,0,0,0
0xc000b0f8,GX2SetLineWidth,import_func,gx2,0,0,0,0
0xc000b108,GX2SetMaxTessellationLevel,import_func,gx2,0,0,0,0
0xc000b110,GX2SetMinTessellationLevel,import_func,gx2,0,0,0,0
0xc000b120,GX2SetPixelSampler,import_func,gx2,0,0,0,0
0xc000b128,GX2SetPixelSamplerBorderColor,import_func,gx2,0,0,0,0
0xc000b130,GX2SetPixelShader,import_func,gx2,0,0,0,0
0xc000b138,GX2SetPixelTexture,import_func,gx2,0,0,0,0
0xc000b140,GX2SetPixelUniformBlock,import_func,gx2,0,0,0,0
0xc000b148,GX2SetPixelUniformReg,import_func,gx2,0,0,0,0
0xc000b150,GX2SetPointLimits,import_func,gx2,0,0,0,0
0xc000b160,GX2SetPointSize,import_func,gx2,0,0,0,0
0xc000b170,GX2SetPolygonControl,import_func,gx2,0,0,0,0
0xc000b178,GX2SetPolygonControlReg,import_func,gx2,0,0,0,0
0xc000b180,GX2SetPolygonOffset,import_func,gx2,0,0,0,0
0xc000b188,GX2SetPolygonOffsetReg,import_func,gx2,0,0,0,0
0xc000b190,GX2SetPrimitiveRestartIndex,import_func,gx2,0,0,0,0
0xc000b198,GX2SetRasterizerClipControl,import_func,gx2,0,0,0,0
0xc000b1b0,GX2SetScissor,import_func,gx2,0,0,0,0
0xc000b1c8,GX2SetShaderModeEx,import_func,gx2,0,0,0,0
0xc000b1d0,GX2SetStencilMask,import_func,gx2,0,0,0,0
0xc000b1d8,GX2SetStencilMaskReg,import_func,gx2,0,0,0,0
0xc000b1e0,GX2SetStreamOutBuffer,import_func,gx2,0,0,0,0
0xc000b1e8,GX2SetStreamOutContext,import_func,gx2,0,0,0,0
0xc000b1f0,GX2SetStreamOutEnable,import_func,gx2,0,0,0,0
0xc000b1f8,GX2SetSurfaceSwizzle,import_func,gx2,0,0,0,0
0xc000b200,GX2SetSwapInterval,import_func,gx2,0,0,0,0
0xc000b208,GX2SetTVBuffer,import_func,gx2,0,0,0,0
0xc000b210,GX2SetTVEnable,import_func,gx2,0,0,0,0
0xc000b218,GX2SetTVGamma,import_func,gx2,0,0,0,0
0xc000b220,GX2SetTVScale,import_func,gx2,0,0,0,0
0xc000b230,GX2SetTargetChannelMasks,import_func,gx2,0,0,0,0
0xc000b238,GX2SetTargetChannelMasksReg,import_func,gx2,0,0,0,0
0xc000b240,GX2SetTessellation,import_func,gx2,0,0,0,0
0xc000b258,GX2SetVertexSampler,import_func,gx2,0,0,0,0
0xc000b260,GX2SetVertexSamplerBorderColor,import_func,gx2,0,0,0,0
0xc000b268,GX2SetVertexShader,import_func,gx2,0,0,0,0
0xc000b270,GX2SetVertexTexture,import_func,gx2,0,0,0,0
0xc000b278,GX2SetVertexUniformBlock,import_func,gx2,0,0,0,0
0xc000b280,GX2SetVertexUniformReg,import_func,gx2,0,0,0,0
0xc000b290,GX2SetViewport,import_func,gx2,0,0,0,0
0xc000b2a0,GX2SetupContextStateEx,import_func,gx2,0,0,0,0
0xc000b2d0,GX2SwapScanBuffers,import_func,gx2,0,0,0,0
0xc000b2e8,GX2TempGetGPUVersion,import_func,gx2,0,0,0,0
0xc000b328,GX2WaitForVsync,import_func,gx2,0,0,0,0
0xc000b4b8,AXAcquireVoice,import_func,snd_core,0,0,0,0
0xc000b4c0,AXAcquireVoiceEx,import_func,snd_core,0,0,0,0
0xc000b4d0,AXComputeLpfCoefs,import_func,snd_core,0,0,0,0
0xc000b4d8,AXDecodeAdpcmData,import_func,snd_core,0,0,0,0
0xc000b4e0,AXDeregisterAppFrameCallback,import_func,snd_core,0,0,0,0
0xc000b4e8,AXFreeVoice,import_func,snd_core,0,0,0,0
0xc000b538,AXGetAuxCallback,import_func,snd_core,0,0,0,0
0xc000b578,AXGetDeviceFinalMixCallback,import_func,snd_core,0,0,0,0
0xc000b588,AXGetDeviceMode,import_func,snd_core,0,0,0,0
0xc000b598,AXGetDeviceUpsampleStage,import_func,snd_core,0,0,0,0
0xc000b628,AXGetSwapProfile,import_func,snd_core,0,0,0,0
0xc000b630,AXGetVoiceCurrentOffsetEx,import_func,snd_core,0,0,0,0
0xc000b638,AXGetVoiceLoopCount,import_func,snd_core,0,0,0,0
0xc000b648,AXGetVoiceOffsets,import_func,snd_core,0,0,0,0
0xc000b678,AXInit,import_func,snd_core,0,0,0,0
0xc000b690,AXInitProfile,import_func,snd_core,0,0,0,0
0xc000b6d8,AXQuit,import_func,snd_core,0,0,0,0
0xc000b6e0,AXRegisterAppFrameCallback,import_func,snd_core,0,0,0,0
0xc000b700,AXRegisterAuxCallback,import_func,snd_core,0,0,0,0
0xc000b720,AXRegisterDeviceFinalMixCallback,import_func,snd_core,0,0,0,0
0xc000b730,AXRegisterFrameCallback,import_func,snd_core,0,0,0,0
0xc000b740,AXRmtAdvancePtr,import_func,snd_core,0,0,0,0
0xc000b748,AXRmtGetSamples,import_func,snd_core,0,0,0,0
0xc000b750,AXRmtGetSamplesLeft,import_func,snd_core,0,0,0,0
0xc000b770,AXSetAuxReturnVolume,import_func,snd_core,0,0,0,0
0xc000b780,AXSetDRCVSDownmixBalance,import_func,snd_core,0,0,0,0
0xc000b788,AXSetDRCVSLC,import_func,snd_core,0,0,0,0
0xc000b7a0,AXSetDRCVSMode,import_func,snd_core,0,0,0,0
0xc000b7a8,AXSetDRCVSOutputGain,import_func,snd_core,0,0,0,0
0xc000b7b0,AXSetDRCVSSpeakerPosition,import_func,snd_core,0,0,0,0
0xc000b7b8,AXSetDRCVSSurroundDepth,import_func,snd_core,0,0,0,0
0xc000b7c0,AXSetDRCVSSurroundLevelGain,import_func,snd_core,0,0,0,0
0xc000b7d0,AXSetDefaultMixerSelect,import_func,snd_core,0,0,0,0
0xc000b7d8,AXSetDeviceCompressor,import_func,snd_core,0,0,0,0
0xc000b7e8,AXSetDeviceLinearUpsampler,import_func,snd_core,0,0,0,0
0xc000b800,AXSetDeviceUpsampleStage,import_func,snd_core,0,0,0,0
0xc000b838,AXSetMaxVoices,import_func,snd_core,0,0,0,0
0xc000b860,AXSetVoiceAdpcm,import_func,snd_core,0,0,0,0
0xc000b868,AXSetVoiceAdpcmLoop,import_func,snd_core,0,0,0,0
0xc000b870,AXSetVoiceBiquad,import_func,snd_core,0,0,0,0
0xc000b878,AXSetVoiceBiquadCoefs,import_func,snd_core,0,0,0,0
0xc000b898,AXSetVoiceDeviceMix,import_func,snd_core,0,0,0,0
0xc000b8a8,AXSetVoiceEndOffsetEx,import_func,snd_core,0,0,0,0
0xc000b8c0,AXSetVoiceLoop,import_func,snd_core,0,0,0,0
0xc000b8d0,AXSetVoiceLoopOffsetEx,import_func,snd_core,0,0,0,0
0xc000b8d8,AXSetVoiceLpf,import_func,snd_core,0,0,0,0
0xc000b8e0,AXSetVoiceLpfCoefs,import_func,snd_core,0,0,0,0
0xc000b8f0,AXSetVoiceMixerSelect,import_func,snd_core,0,0,0,0
0xc000b8f8,AXSetVoiceOffsets,import_func,snd_core,0,0,0,0
0xc000b908,AXSetVoicePriority,import_func,snd_core,0,0,0,0
0xc000b910,AXSetVoiceRmtIIR,import_func,snd_core,0,0,0,0
0xc000b918,AXSetVoiceRmtIIRCoefs,import_func,snd_core,0,0,0,0
0xc000b928,AXSetVoiceRmtOn,import_func,snd_core,0,0,0,0
0xc000b940,AXSetVoiceSrc,import_func,snd_core,0,0,0,0
0xc000b948,AXSetVoiceSrcRatio,import_func,snd_core,0,0,0,0
0xc000b950,AXSetVoiceSrcType,import_func,snd_core,0,0,0,0
0xc000b958,AXSetVoiceState,import_func,snd_core,0,0,0,0
0xc000b960,AXSetVoiceType,import_func,snd_core,0,0,0,0
0xc000b968,AXSetVoiceVe,import_func,snd_core,0,0,0,0
0xc000b988,AXUserBegin,import_func,snd_core,0,0,0,0
0xc000b990,AXUserEnd,import_func,snd_core,0,0,0,0
0xc000b998,AXUserIsProtected,import_func,snd_core,0,0,0,0
0xc000b9c8,DRCVS_Process,import_func,snd_core,0,0,0,0
0xc000ba08,DRCVS_SetOutputMode,import_func,snd_core,0,0,0,0
0xc000c450,MIXAssignChannel,import_func,snd_user,0,0,0,0
0xc000c590,MIXInit,import_func,snd_user,0,0,0,0
0xc000c5a0,MIXInitDeviceControl,import_func,snd_user,0,0,0,0
0xc000c5a8,MIXInitInputControl,import_func,snd_user,0,0,0,0
0xc000c660,MIXSetDeviceFader,import_func,snd_user,0,0,0,0
0xc000c680,MIXSetDeviceSoundMode,import_func,snd_user,0,0,0,0
0xc000c6b8,MIXUpdateSettings,import_func,snd_user,0,0,0,0
0xc000c810,ProcUIDrawDoneRelease,import_func,proc_ui,0,0,0,0
0xc000c820,ProcUIInShutdown,import_func,proc_ui,0,0,0,0
0xc000c828,ProcUIInit,import_func,proc_ui,0,0,0,0
0xc000c840,ProcUIProcessMessages,import_func,proc_ui,0,0,0,0
0xc000c850,ProcUIRegisterCallback,import_func,proc_ui,0,0,0,0
0xc000c878,ProcUIShutdown,import_func,proc_ui,0,0,0,0
0xc000c8d0,VPADControlMotor,import_func,vpad,0,0,0,0
0xc000c9b0,VPADGetTPCalibratedPoint,import_func,vpad,0,0,0,0
0xc000ca20,VPADRead,import_func,vpad,0,0,0,0
0xc000cae0,VPADSetStickOrigin,import_func,vpad,0,0,0,0
0xc000cb10,VPADStopMotor,import_func,vpad,0,0,0,0
0xc000cb88,VPADBASEGetHeadphoneStatus,import_func,vpadbase,0,0,0,0
0xc000cd10,inflate,import_func,zlib125,0,0,0,0
0xc000cd38,inflateEnd,import_func,zlib125,0,0,0,0
0xc000cd48,inflateInit2_,import_func,zlib125,0,0,0,0
0xc000d270,AcquireNexServiceToken__Q2_2nn3actFP26ACTNexAuthenticationResultUi,import_func,nn_act,0,0,0,0
0xc000d340,Finalize__Q2_2nn3actFv,import_func,nn_act,0,0,0,0
0xc000d368,GetAccountId__Q2_2nn3actFPc,import_func,nn_act,0,0,0,0
0xc000d3e0,GetErrorCode__Q2_2nn3actFRCQ2_2nn6Result,import_func,nn_act,0,0,0,0
0xc000d428,GetMiiEx__Q2_2nn3actFP12FFLStoreDataUc,import_func,nn_act,0,0,0,0
0xc000d478,GetNumOfAccounts__Q2_2nn3actFv,import_func,nn_act,0,0,0,0
0xc000d4a0,GetPrincipalIdEx__Q2_2nn3actFPUiUc,import_func,nn_act,0,0,0,0
0xc000d4a8,GetPrincipalId__Q2_2nn3actFv,import_func,nn_act,0,0,0,0
0xc000d4b0,GetSimpleAddressIdEx__Q2_2nn3actFPUiUc,import_func,nn_act,0,0,0,0
0xc000d4b8,GetSimpleAddressId__Q2_2nn3actFv,import_func,nn_act,0,0,0,0
0xc000d4d8,GetSlotNo__Q2_2nn3actFv,import_func,nn_act,0,0,0,0
0xc000d510,GetTransferableIdEx__Q2_2nn3actFPULUiUc,import_func,nn_act,0,0,0,0
0xc000d528,GetUtcOffset__Q2_2nn3actFv,import_func,nn_act,0,0,0,0
0xc000d530,GetUuidEx__Q2_2nn3actFP7ACTUuidUc,import_func,nn_act,0,0,0,0
0xc000d540,GetUuid__Q2_2nn3actFP7ACTUuid,import_func,nn_act,0,0,0,0
0xc000d560,HasNfsAccount__Q2_2nn3actFv,import_func,nn_act,0,0,0,0
0xc000d588,Initialize__Q2_2nn3actFv,import_func,nn_act,0,0,0,0
0xc000d5e8,IsNetworkAccountEx__Q2_2nn3actFUc,import_func,nn_act,0,0,0,0
0xc000d620,IsSlotOccupied__Q2_2nn3actFUc,import_func,nn_act,0,0,0,0
0xc000d8f8,GetBossState__Q2_2nn4bossFv,import_func,nn_boss,0,0,0,0
0xc000d910,GetCreatedTime__Q3_2nn4boss6NsDataCFv,import_func,nn_boss,0,0,0,0
0xc000d918,GetDataList__Q3_2nn4boss7StorageCFPQ3_2nn4boss8DataNameUiPUiT2,import_func,nn_boss,0,0,0,0
0xc000d920,GetDeleteProtectionFlag__Q3_2nn4boss6NsDataCFv,import_func,nn_boss,0,0,0,0
0xc000d968,GetMemo__Q3_2nn4boss6NsDataCFv,import_func,nn_boss,0,0,0,0
0xc000d9c8,GetPosition__Q3_2nn4boss6NsDataCFv,import_func,nn_boss,0,0,0,0
0xc000d9f0,GetReadFlag__Q3_2nn4boss6NsDataCFv,import_func,nn_boss,0,0,0,0
0xc000da08,GetResult__Q3_2nn4boss4TaskCFPUi,import_func,nn_boss,0,0,0,0
0xc000da20,GetSize__Q3_2nn4boss6NsDataCFv,import_func,nn_boss,0,0,0,0
0xc000da90,GetTurnState__Q3_2nn4boss4TaskCFPUi,import_func,nn_boss,0,0,0,0
0xc000dae0,Initialize__Q2_2nn4bossFv,import_func,nn_boss,0,0,0,0
0xc000daf8,Initialize__Q3_2nn4boss15NbdlTaskSettingFPCcLT1,import_func,nn_boss,0,0,0,0
0xc000db28,Initialize__Q3_2nn4boss17PlayReportSettingFPvUi,import_func,nn_boss,0,0,0,0
0xc000db40,Initialize__Q3_2nn4boss4TaskFPCcUi,import_func,nn_boss,0,0,0,0
0xc000db48,Initialize__Q3_2nn4boss6NsDataFRCQ3_2nn4boss7StoragePCc,import_func,nn_boss,0,0,0,0
0xc000db50,Initialize__Q3_2nn4boss7StorageFPCcUiQ3_2nn4boss11StorageKind,import_func,nn_boss,0,0,0,0
0xc000db70,IsRegistered__Q3_2nn4boss4TaskCFv,import_func,nn_boss,0,0,0,0
0xc000dbb8,Read__Q3_2nn4boss6NsDataFPLPvUi,import_func,nn_boss,0,0,0,0
0xc000dc10,Register__Q3_2nn4boss4TaskFRQ3_2nn4boss11TaskSetting,import_func,nn_boss,0,0,0,0
0xc000dd98,SetReadFlag__Q3_2nn4boss6NsDataFb,import_func,nn_boss,0,0,0,0
0xc000ddd8,Set__Q3_2nn4boss17PlayReportSettingFPCcUi,import_func,nn_boss,0,0,0,0
0xc000ddf0,StartScheduling__Q3_2nn4boss4TaskFb,import_func,nn_boss,0,0,0,0
0xc000de18,Unregister__Q3_2nn4boss4TaskFv,import_func,nn_boss,0,0,0,0
0xc000de20,UpdateIntervalSec__Q3_2nn4boss4TaskFUi,import_func,nn_boss,0,0,0,0
0xc000de28,UpdateLifeTimeSec__Q3_2nn4boss4TaskFL,import_func,nn_boss,0,0,0,0
0xc000de30,Wait__Q3_2nn4boss4TaskFQ3_2nn4boss13TaskWaitState,import_func,nn_boss,0,0,0,0
0xc000dee8,__ct__Q3_2nn4boss15NbdlTaskSettingFv,import_func,nn_boss,0,0,0,0
0xc000df08,__ct__Q3_2nn4boss17PlayReportSettingFv,import_func,nn_boss,0,0,0,0
0xc000df38,__ct__Q3_2nn4boss4TaskFv,import_func,nn_boss,0,0,0,0
0xc000df40,__ct__Q3_2nn4boss5TitleFUiQ3_2nn4boss7TitleID,import_func,nn_boss,0,0,0,0
0xc000df50,__ct__Q3_2nn4boss6NsDataFv,import_func,nn_boss,0,0,0,0
0xc000df90,__ct__Q3_2nn4boss7StorageFv,import_func,nn_boss,0,0,0,0
0xc000dfa0,__ct__Q3_2nn4boss7TitleIDFUL,import_func,nn_boss,0,0,0,0
0xc000dfc0,__ct__Q3_2nn4boss8DataNameFv,import_func,nn_boss,0,0,0,0
0xc000dff8,__dt__Q3_2nn4boss15NbdlTaskSettingFv,import_func,nn_boss,0,0,0,0
0xc000e040,__dt__Q3_2nn4boss4TaskFv,import_func,nn_boss,0,0,0,0
0xc000e100,__opPCc__Q3_2nn4boss8DataNameCFv,import_func,nn_boss,0,0,0,0
0xc000e1c0,SAVEFlushQuota,import_func,nn_save,0,0,0,0
0xc000e1d0,SAVEGetFreeSpaceSize,import_func,nn_save,0,0,0,0
0xc000e1f8,SAVEGetSharedDataTitlePath,import_func,nn_save,0,0,0,0
0xc000e200,SAVEGetSharedSaveDataPath,import_func,nn_save,0,0,0,0
0xc000e208,SAVEGetStat,import_func,nn_save,0,0,0,0
0xc000e248,SAVEInit,import_func,nn_save,0,0,0,0
0xc000e258,SAVEInitSaveDir,import_func,nn_save,0,0,0,0
0xc000e270,SAVEOpenDir,import_func,nn_save,0,0,0,0
0xc000e2b0,SAVEOpenFile,import_func,nn_save,0,0,0,0
0xc000e2f0,SAVERemove,import_func,nn_save,0,0,0,0
0xc000e320,SAVEShutdown,import_func,nn_save,0,0,0,0
0xc000e418,GetFriendAccountId__Q2_2nn2fpFPA17_cPCUiUi,import_func,nn_fp,0,0,0,0
0xc000e430,GetFriendListAll__Q2_2nn2fpFPUiT1UiT3,import_func,nn_fp,0,0,0,0
0xc000e448,GetFriendMii__Q2_2nn2fpFP12FFLStoreDataPCUiUi,import_func,nn_fp,0,0,0,0
0xc000e460,GetFriendPresence__Q2_2nn2fpFPQ3_2nn2fp14FriendPresencePCUiUi,import_func,nn_fp,0,0,0,0
0xc000e468,GetFriendProfile__Q2_2nn2fpFPQ3_2nn2fp7ProfilePCUiUi,import_func,nn_fp,0,0,0,0
0xc000e470,GetFriendRelationship__Q2_2nn2fpFPUcPCUiUi,import_func,nn_fp,0,0,0,0
0xc000e488,GetFriendRequestList__Q2_2nn2fpFPUiT1UiT3,import_func,nn_fp,0,0,0,0
0xc000e498,GetFriendScreenName__Q2_2nn2fpFPA11_wPCUiUibPUc,import_func,nn_fp,0,0,0,0
0xc000e4b0,GetMyAccountId__Q2_2nn2fpFPc,import_func,nn_fp,0,0,0,0
0xc000e4d0,GetMyPreference__Q2_2nn2fpFPQ3_2nn2fp10Preference,import_func,nn_fp,0,0,0,0
0xc000e4d8,GetMyPresence__Q2_2nn2fpFPQ3_2nn2fp10MyPresence,import_func,nn_fp,0,0,0,0
0xc000e4e8,GetMyProfile__Q2_2nn2fpFPQ3_2nn2fp7Profile,import_func,nn_fp,0,0,0,0
0xc000e4f0,GetMyScreenName__Q2_2nn2fpFPw,import_func,nn_fp,0,0,0,0
0xc000e518,Initialize__Q2_2nn2fpFv,import_func,nn_fp,0,0,0,0
0xc000e520,IsFriendRequestAllowed__Q2_2nn2fpFv,import_func,nn_fp,0,0,0,0
0xc000e530,IsInitialized__Q2_2nn2fpFv,import_func,nn_fp,0,0,0,0
0xc000e558,IsOnline__Q2_2nn2fpFv,import_func,nn_fp,0,0,0,0
0xc000e578,LoginAsync__Q2_2nn2fpFPFQ2_2nn6ResultPv_vPv,import_func,nn_fp,0,0,0,0
0xc000e580,Logout__Q2_2nn2fpFv,import_func,nn_fp,0,0,0,0
0xc000e590,RegisterAccountAsync__Q2_2nn2fpFPFQ2_2nn6ResultPv_vPv,import_func,nn_fp,0,0,0,0
0xc000e5a8,ResultToErrorCode__Q2_2nn2fpFQ2_2nn6Result,import_func,nn_fp,0,0,0,0
0xc000e5c0,SetNotificationHandler__Q2_2nn2fpFUiPFQ3_2nn2fp16NotificationTypeUiPv_vPv,import_func,nn_fp,0,0,0,0
0xc000e5f8,UpdateGameMode__Q2_2nn2fpFPCQ3_2nn2fp8GameModePCwUi,import_func,nn_fp,0,0,0,0
0xc000e650,AddCommonData__Q3_2nn3olv15UploadParamBaseFUiPCUcT1,import_func,nn_olv.rpl,0,0,0,0
0xc000e658,AddStampData__Q3_2nn3olv28UploadPostDataByPostAppParamFPCUcUi,import_func,nn_olv.rpl,0,0,0,0
0xc000e660,AddStampData__Q3_2nn3olv31UploadCommentDataByPostAppParamFPCUcUi,import_func,nn_olv.rpl,0,0,0,0
0xc000e670,Cancel__Q2_2nn3olvFv,import_func,nn_olv.rpl,0,0,0,0
0xc000e6a8,DownloadCommentDataList__Q2_2nn3olvFPQ3_2nn3olv21DownloadedCommentDataPUiUiPCQ3_2nn3olv28DownloadCommentDataListParam,import_func,nn_olv.rpl,0,0,0,0
0xc000e6b0,DownloadCommunityDataList__Q2_2nn3olvFPQ3_2nn3olv23DownloadedCommunityDataPUiUiPCQ3_2nn3olv30DownloadCommunityDataListParam,import_func,nn_olv.rpl,0,0,0,0
0xc000e6d8,DownloadPostDataList__Q2_2nn3olvFPQ3_2nn3olv19DownloadedTopicDataPQ3_2nn3olv18DownloadedPostDataPUiUiPCQ3_2nn3olv25DownloadPostDataListParam,import_func,nn_olv.rpl,0,0,0,0
0xc000e750,GetAppData__Q3_2nn3olv18DownloadedDataBaseCFPUcPUiUi,import_func,nn_olv.rpl,0,0,0,0
0xc000e790,GetBodyMemo__Q3_2nn3olv18DownloadedDataBaseCFPUcPUiUi,import_func,nn_olv.rpl,0,0,0,0
0xc000e7b8,GetBodyText__Q3_2nn3olv18DownloadedDataBaseCFPwUi,import_func,nn_olv.rpl,0,0,0,0
0xc000e7d8,GetCommentCount__Q3_2nn3olv18DownloadedPostDataCFv,import_func,nn_olv.rpl,0,0,0,0
0xc000e7f8,GetCommentId__Q3_2nn3olv21DownloadedCommentDataCFv,import_func,nn_olv.rpl,0,0,0,0
0xc000e808,GetCommunityCode__Q3_2nn3olv21UploadedCommunityDataCFPcUi,import_func,nn_olv.rpl,0,0,0,0
0xc000e848,GetCommunityId__Q3_2nn3olv21UploadedCommunityDataCFv,import_func,nn_olv.rpl,0,0,0,0
0xc000e850,GetCommunityId__Q3_2nn3olv23DownloadedCommunityDataCFv,import_func,nn_olv.rpl,0,0,0,0
0xc000e868,GetCountryId__Q3_2nn3olv18DownloadedDataBaseCFv,import_func,nn_olv.rpl,0,0,0,0
0xc000e880,GetDataTypeNum__Q3_2nn3olv15UploadParamBaseCFUi,import_func,nn_olv.rpl,0,0,0,0
0xc000e908,GetEmpathyCount__Q3_2nn3olv18DownloadedPostDataCFv,import_func,nn_olv.rpl,0,0,0,0
0xc000e910,GetErrorCode__Q2_2nn3olvFRCQ2_2nn6Result,import_func,nn_olv.rpl,0,0,0,0
0xc000e970,GetFeeling__Q3_2nn3olv18DownloadedDataBaseCFv,import_func,nn_olv.rpl,0,0,0,0
0xc000e9b8,GetLanguageId__Q3_2nn3olv18DownloadedDataBaseCFv,import_func,nn_olv.rpl,0,0,0,0
0xc000e9c8,GetMiiData__Q3_2nn3olv18DownloadedDataBaseCFP12FFLStoreData,import_func,nn_olv.rpl,0,0,0,0
0xc000e9e0,GetMiiNickname__Q3_2nn3olv18DownloadedDataBaseCFv,import_func,nn_olv.rpl,0,0,0,0
0xc000ea58,GetPostDate__Q3_2nn3olv18DownloadedDataBaseCFv,import_func,nn_olv.rpl,0,0,0,0
0xc000ea68,GetPostId__Q3_2nn3olv16UploadedPostDataCFv,import_func,nn_olv.rpl,0,0,0,0
0xc000ea78,GetPostId__Q3_2nn3olv18DownloadedPostDataCFv,import_func,nn_olv.rpl,0,0,0,0
0xc000ead8,GetReportTypes__Q3_2nn3olv6ReportFv,import_func,nn_olv.rpl,0,0,0,0
0xc000eae0,GetResultByPostApp__Q2_2nn3olvFv,import_func,nn_olv.rpl,0,0,0,0
0xc000eaf8,GetResultWithUploadedPostDataByPostApp__Q2_2nn3olvFPQ3_2nn3olv16UploadedPostData,import_func,nn_olv.rpl,0,0,0,0
0xc000ebc0,GetTopicTag__Q3_2nn3olv18DownloadedDataBaseCFv,import_func,nn_olv.rpl,0,0,0,0
0xc000ebf8,GetUserPid__Q3_2nn3olv18DownloadedDataBaseCFv,import_func,nn_olv.rpl,0,0,0,0
0xc000ec30,Initialize__Q2_2nn3olvFPCQ3_2nn3olv15InitializeParam,import_func,nn_olv.rpl,0,0,0,0
0xc000ec48,IsInitialized__Q2_2nn3olvFv,import_func,nn_olv.rpl,0,0,0,0
0xc000ec68,SetAppData__Q3_2nn3olv15UploadParamBaseFPCUcUi,import_func,nn_olv.rpl,0,0,0,0
0xc000ec70,SetAppData__Q3_2nn3olv24UploadCommunityDataParamFPCUcUi,import_func,nn_olv.rpl,0,0,0,0
0xc000ec80,SetBodyMemo__Q3_2nn3olv15UploadParamBaseFPCUcUi,import_func,nn_olv.rpl,0,0,0,0
0xc000eca0,SetBodyTextMaxLength__Q3_2nn3olv28UploadPostDataByPostAppParamFUi,import_func,nn_olv.rpl,0,0,0,0
0xc000ecb8,SetBodyText__Q3_2nn3olv15UploadParamBaseFPCw,import_func,nn_olv.rpl,0,0,0,0
0xc000ecc0,SetCommentDataMaxNum__Q3_2nn3olv28DownloadCommentDataListParamFUi,import_func,nn_olv.rpl,0,0,0,0
0xc000ece0,SetCommunityDataMaxNum__Q3_2nn3olv30DownloadCommunityDataListParamFUi,import_func,nn_olv.rpl,0,0,0,0
0xc000ece8,SetCommunityId__Q3_2nn3olv19StartPortalAppParamFUi,import_func,nn_olv.rpl,0,0,0,0
0xc000ecf0,SetCommunityId__Q3_2nn3olv19UploadPostDataParamFUi,import_func,nn_olv.rpl,0,0,0,0
0xc000ecf8,SetCommunityId__Q3_2nn3olv24UploadCommunityDataParamFUi,import_func,nn_olv.rpl,0,0,0,0
0xc000ed00,SetCommunityId__Q3_2nn3olv25DownloadPostDataListParamFUi,import_func,nn_olv.rpl,0,0,0,0
0xc000ed20,SetCommunityId__Q3_2nn3olv34UploadFavoriteToCommunityDataParamFUi,import_func,nn_olv.rpl,0,0,0,0
0xc000ed38,SetDescriptionText__Q3_2nn3olv24UploadCommunityDataParamFPCw,import_func,nn_olv.rpl,0,0,0,0
0xc000ed68,SetExternalImageData__Q3_2nn3olv15UploadParamBaseFPCUcUi,import_func,nn_olv.rpl,0,0,0,0
0xc000ed88,SetFeeling__Q3_2nn3olv15UploadParamBaseFQ3_2nn3olv7Feeling,import_func,nn_olv.rpl,0,0,0,0
0xc000edb8,SetFlags__Q3_2nn3olv24UploadCommunityDataParamFUi,import_func,nn_olv.rpl,0,0,0,0
0xc000edc0,SetFlags__Q3_2nn3olv25DownloadPostDataListParamFUi,import_func,nn_olv.rpl,0,0,0,0
0xc000edd8,SetFlags__Q3_2nn3olv28DownloadCommentDataListParamFUi,import_func,nn_olv.rpl,0,0,0,0
0xc000ede8,SetFlags__Q3_2nn3olv28UploadEmpathyToPostDataParamFUi,import_func,nn_olv.rpl,0,0,0,0
0xc000edf8,SetFlags__Q3_2nn3olv30DownloadCommunityDataListParamFUi,import_func,nn_olv.rpl,0,0,0,0
0xc000ee10,SetFlags__Q3_2nn3olv34UploadFavoriteToCommunityDataParamFUi,import_func,nn_olv.rpl,0,0,0,0
0xc000ee38,SetIconData__Q3_2nn3olv24UploadCommunityDataParamFPCUcUi,import_func,nn_olv.rpl,0,0,0,0
0xc000ee40,SetLanguageId__Q3_2nn3olv25DownloadPostDataListParamFUc,import_func,nn_olv.rpl,0,0,0,0
0xc000ee48,SetLanguageId__Q3_2nn3olv28DownloadCommentDataListParamFUc,import_func,nn_olv.rpl,0,0,0,0
0xc000ee50,SetPostDataMaxNum__Q3_2nn3olv25DownloadPostDataListParamFUi,import_func,nn_olv.rpl,0,0,0,0
0xc000ee80,SetPostId__Q3_2nn3olv19StartPortalAppParamFPCc,import_func,nn_olv.rpl,0,0,0,0
0xc000ee90,SetPostId__Q3_2nn3olv22UploadCommentDataParamFPCc,import_func,nn_olv.rpl,0,0,0,0
0xc000ee98,SetPostId__Q3_2nn3olv25DownloadPostDataListParamFPCcUi,import_func,nn_olv.rpl,0,0,0,0
0xc000eea8,SetPostId__Q3_2nn3olv28DownloadCommentDataListParamFPCc,import_func,nn_olv.rpl,0,0,0,0
0xc000eeb0,SetPostId__Q3_2nn3olv28UploadEmpathyToPostDataParamFPCc,import_func,nn_olv.rpl,0,0,0,0
0xc000eec8,SetReportTypes__Q3_2nn3olv15InitializeParamFUi,import_func,nn_olv.rpl,0,0,0,0
0xc000eee0,SetSearchKey__Q3_2nn3olv19UploadPostDataParamFPCwUc,import_func,nn_olv.rpl,0,0,0,0
0xc000eee8,SetSearchKey__Q3_2nn3olv25DownloadPostDataListParamFPCw,import_func,nn_olv.rpl,0,0,0,0
0xc000ef10,SetSearchPid__Q3_2nn3olv25DownloadPostDataListParamFUi,import_func,nn_olv.rpl,0,0,0,0
0xc000ef58,SetTitleText__Q3_2nn3olv24UploadCommunityDataParamFPCw,import_func,nn_olv.rpl,0,0,0,0
0xc000ef70,SetTopicTag__Q3_2nn3olv19UploadPostDataParamFPCw,import_func,nn_olv.rpl,0,0,0,0
0xc000ef80,SetUserPid__Q3_2nn3olv19StartPortalAppParamFUi,import_func,nn_olv.rpl,0,0,0,0
0xc000efa0,SetUserPid__Q3_2nn3olv37UploadDirectMessageDataByPostAppParamFUi,import_func,nn_olv.rpl,0,0,0,0
0xc000efa8,SetWork__Q3_2nn3olv15InitializeParamFPUcUi,import_func,nn_olv.rpl,0,0,0,0
0xc000efb0,SetWork__Q3_2nn3olv28UploadPostDataByPostAppParamFPUcUi,import_func,nn_olv.rpl,0,0,0,0
0xc000efb8,SetWork__Q3_2nn3olv31UploadCommentDataByPostAppParamFPUcUi,import_func,nn_olv.rpl,0,0,0,0
0xc000efd0,StartPortalApp__Q2_2nn3olvFPCQ3_2nn3olv19StartPortalAppParam,import_func,nn_olv.rpl,0,0,0,0
0xc000f038,UploadCommentDataByPostApp__Q2_2nn3olvFPCQ3_2nn3olv31UploadCommentDataByPostAppParam,import_func,nn_olv.rpl,0,0,0,0
0xc000f058,UploadCommunityData__Q2_2nn3olvFPQ3_2nn3olv21UploadedCommunityDataPCQ3_2nn3olv24UploadCommunityDataParam,import_func,nn_olv.rpl,0,0,0,0
0xc000f060,UploadDirectMessageDataByPostApp__Q2_2nn3olvFPCQ3_2nn3olv37UploadDirectMessageDataByPostAppParam,import_func,nn_olv.rpl,0,0,0,0
0xc000f078,UploadEmpathyToPostData__Q2_2nn3olvFPCQ3_2nn3olv28UploadEmpathyToPostDataParam,import_func,nn_olv.rpl,0,0,0,0
0xc000f080,UploadFavoriteToCommunityData__Q2_2nn3olvFPCQ3_2nn3olv34UploadFavoriteToCommunityDataParam,import_func,nn_olv.rpl,0,0,0,0
0xc000f098,UploadPostDataByPostApp__Q2_2nn3olvFPCQ3_2nn3olv28UploadPostDataByPostAppParam,import_func,nn_olv.rpl,0,0,0,0
0xc000f0a8,UploadPostData__Q2_2nn3olvFPQ3_2nn3olv16UploadedPostDataPCQ3_2nn3olv19UploadPostDataParam,import_func,nn_olv.rpl,0,0,0,0
0xc000f0b8,__ct__Q3_2nn3olv15InitializeParamFv,import_func,nn_olv.rpl,0,0,0,0
0xc000f0c8,__ct__Q3_2nn3olv16UploadedPostDataFv,import_func,nn_olv.rpl,0,0,0,0
0xc000f0d8,__ct__Q3_2nn3olv18DownloadedPostDataFv,import_func,nn_olv.rpl,0,0,0,0
0xc000f0e8,__ct__Q3_2nn3olv19DownloadedTopicDataFv,import_func,nn_olv.rpl,0,0,0,0
0xc000f0f0,__ct__Q3_2nn3olv19StartPortalAppParamFv,import_func,nn_olv.rpl,0,0,0,0
0xc000f0f8,__ct__Q3_2nn3olv19UploadPostDataParamFv,import_func,nn_olv.rpl,0,0,0,0
0xc000f110,__ct__Q3_2nn3olv21UploadedCommunityDataFv,import_func,nn_olv.rpl,0,0,0,0
0xc000f120,__ct__Q3_2nn3olv23DownloadedCommunityDataFv,import_func,nn_olv.rpl,0,0,0,0
0xc000f130,__ct__Q3_2nn3olv24UploadCommunityDataParamFv,import_func,nn_olv.rpl,0,0,0,0
0xc000f138,__ct__Q3_2nn3olv25DownloadPostDataListParamFv,import_func,nn_olv.rpl,0,0,0,0
0xc000f160,__ct__Q3_2nn3olv28DownloadCommentDataListParamFv,import_func,nn_olv.rpl,0,0,0,0
0xc000f170,__ct__Q3_2nn3olv28UploadEmpathyToPostDataParamFv,import_func,nn_olv.rpl,0,0,0,0
0xc000f178,__ct__Q3_2nn3olv28UploadPostDataByPostAppParamFv,import_func,nn_olv.rpl,0,0,0,0
0xc000f180,__ct__Q3_2nn3olv30DownloadCommunityDataListParamFv,import_func,nn_olv.rpl,0,0,0,0
0xc000f188,__ct__Q3_2nn3olv31UploadCommentDataByPostAppParamFv,import_func,nn_olv.rpl,0,0,0,0
0xc000f190,__ct__Q3_2nn3olv31UploadedFavoriteToCommunityDataFv,import_func,nn_olv.rpl,0,0,0,0
0xc000f1a0,__ct__Q3_2nn3olv34UploadFavoriteToCommunityDataParamFv,import_func,nn_olv.rpl,0,0,0,0
0xc000f1a8,__ct__Q3_2nn3olv37UploadDirectMessageDataByPostAppParamFv,import_func,nn_olv.rpl,0,0,0,0
0xc000f228,__dt__Q3_2nn3olv15UploadParamBaseFv,import_func,nn_olv.rpl,0,0,0,0
0xc000f230,__dt__Q3_2nn3olv16UploadedDataBaseFv,import_func,nn_olv.rpl,0,0,0,0
0xc000f240,__dt__Q3_2nn3olv28UploadPostDataByPostAppParamFv,import_func,nn_olv.rpl,0,0,0,0
0xc000f298,TEMPChangeOthersMode,import_func,nn_temp,0,0,0,0
0xc000f2a8,TEMPCreateAndInitTempDir,import_func,nn_temp,0,0,0,0
0xc000f2c0,TEMPGetFreeSpaceSize,import_func,nn_temp,0,0,0,0
0xc000f2e0,TEMPInit,import_func,nn_temp,0,0,0,0
0xc000f310,TEMPOpenFile,import_func,nn_temp,0,0,0,0
0xc000f330,TEMPRemove,import_func,nn_temp,0,0,0,0
0xc000f358,TEMPShutdownTempDir,import_func,nn_temp,0,0,0,0
0xc000f3f8,SYSLaunchAccount,import_func,sysapp,0,0,0,0
0xc000f410,SYSLaunchSettings,import_func,sysapp,0,0,0,0
0xc000f518,_SYSGetSystemApplicationTitleId,import_func,sysapp,0,0,0,0
0xc000f688,MICClose,import_func,mic,0,0,0,0
0xc000f690,MICGetState,import_func,mic,0,0,0,0
0xc000f698,MICGetStatus,import_func,mic,0,0,0,0
0xc000f6a0,MICInit,import_func,mic,0,0,0,0
0xc000f6a8,MICOpen,import_func,mic,0,0,0,0
0xc000f6b0,MICSetDataConsumed,import_func,mic,0,0,0,0
0xc000f6b8,MICSetState,import_func,mic,0,0,0,0
0xc000f6c0,MICUninit,import_func,mic,0,0,0,0
0xc000f740,Create__8MVPlayerSFv,import_func,mvplayer,0,0,0,0
0xc000f748,Destroy__8MVPlayerSFP8MVPlayer,import_func,mvplayer,0,0,0,0
0xc000f750,Draw__6MVViewFv,import_func,mvplayer,0,0,0,0
0xc000f830,Shutdown__8MVPlayerSFv,import_func,mvplayer,0,0,0,0
0xc000fcf0,Close__Q2_2nn2acFv,import_func,nn_ac,0,0,0,0
0xc000fd28,Connect__Q2_2nn2acFv,import_func,nn_ac,0,0,0,0
0xc000fd60,GetAssignedAddress__Q2_2nn2acFPUl,import_func,nn_ac,0,0,0,0
0xc000fd80,GetAssignedSubnet__Q2_2nn2acFPUl,import_func,nn_ac,0,0,0,0
0xc000fdf8,GetLastErrorCode__Q2_2nn2acFPUi,import_func,nn_ac,0,0,0,0
0xc000fed0,Initialize__Q2_2nn2acFv,import_func,nn_ac,0,0,0,0
0xc000fee0,IsApplicationConnected__Q2_2nn2acFPb,import_func,nn_ac,0,0,0,0
0xc00100a8,Finalize__Q2_2nn3ndmFv,import_func,nn_ndm,0,0,0,0
0xc0010128,ResumeDaemons__Q2_2nn3ndmFUi,import_func,nn_ndm,0,0,0,0
