name,kind,library,address
DCFlushRange,func,coreinit,0xc0007558
DCFlushRangeNoSync,func,coreinit,0xc0007560
DCInvalidateRange,func,coreinit,0xc0007568
DCZeroRange,func,coreinit,0xc0007588
ENVGetEnvironmentVariable,func,coreinit,0xc0007640
FSAddClient,func,coreinit,0xc0007968
FSCloseDir,func,coreinit,0xc00079d8
FSCloseFile,func,coreinit,0xc00079e8
FSDelClient,func,coreinit,0xc00079f8
FSFlushQuota,func,coreinit,0xc0007a28
FSGetCwd,func,coreinit,0xc0007a58
FSGetLastError,func,coreinit,0xc0007ab0
FSGetLastErrorCodeForViewer,func,coreinit,0xc0007ab8
FSGetMountSource,func,coreinit,0xc0007ac0
FSGetStat,func,coreinit,0xc0007af0
FSGetStatFile,func,coreinit,0xc0007b00
FSInit,func,coreinit,0xc0007b38
FSInitCmdBlock,func,coreinit,0xc0007b40
FSMount,func,coreinit,0xc0007b88
FSOpenDir,func,coreinit,0xc0007b98
FSOpenFile,func,coreinit,0xc0007ba8
FSReadDir,func,coreinit,0xc0007bc8
FSReadFile,func,coreinit,0xc0007bd8
FSReadFileWithPos,func,coreinit,0xc0007be8
FSSetCmdPriority,func,coreinit,0xc0007c58
FSSetPosFile,func,coreinit,0xc0007c68
FSSetStateChangeNotification,func,coreinit,0xc0007c78
FSShutdown,func,coreinit,0xc0007c88
FSUnmount,func,coreinit,0xc0007ca8
FSWriteFile,func,coreinit,0xc0007cb8
LCAlloc,func,coreinit,0xc0007f18
LCDealloc,func,coreinit,0xc0007f20
LCDisableDMA,func,coreinit,0xc0007f28
LCEnableDMA,func,coreinit,0xc0007f30
LCGetUnallocated,func,coreinit,0xc0007f50
LCHardwareIsAvailable,func,coreinit,0xc0007f58
LCIsDMAEnabled,func,coreinit,0xc0007f60
LCLoadDMABlocks,func,coreinit,0xc0007f68
LCStoreDMABlocks,func,coreinit,0xc0007f70
LCWaitDMAQueue,func,coreinit,0xc0007f78
MCP_Close,func,coreinit,0xc0008050
MCP_GetSysProdSettings,func,coreinit,0xc00081e8
MCP_Open,func,coreinit,0xc0008308
MEMAllocFromExpHeapEx,func,coreinit,0xc00084d8
MEMAllocFromFrmHeapEx,func,coreinit,0xc00084e0
MEMCreateExpHeapEx,func,coreinit,0xc0008520
MEMCreateFrmHeapEx,func,coreinit,0xc0008528
MEMDestroyExpHeap,func,coreinit,0xc0008548
MEMDestroyFrmHeap,func,coreinit,0xc0008550
MEMFreeToExpHeap,func,coreinit,0xc0008590
MEMGetAllocatableSizeForExpHeapEx,func,coreinit,0xc00085c0
MEMGetBaseHeapHandle,func,coreinit,0xc00085d8
MEMGetTotalFreeSizeForExpHeap,func,coreinit,0xc0008620
OSBlockMove,func,coreinit,0xc00087d0
OSBlockSet,func,coreinit,0xc00087d8
OSCancelAlarm,func,coreinit,0xc00087f0
OSCancelAlarms,func,coreinit,0xc00087f8
OSCoherencyBarrier,func,coreinit,0xc0008840
OSConsoleWrite,func,coreinit,0xc0008868
OSCreateAlarm,func,coreinit,0xc0008888
OSCreateThread,func,coreinit,0xc0008898
OSDisableInterrupts,func,coreinit,0xc00088b0
OSDisableOverlayArena,func,coreinit,0xc00088b8
OSDriver_Register,func,coreinit,0xc00088e0
OSDynLoad_Acquire,func,coreinit,0xc00088f8
OSDynLoad_FindExport,func,coreinit,0xc0008920
OSDynLoad_GetAllocator,func,coreinit,0xc0008930
OSDynLoad_Release,func,coreinit,0xc0008960
OSDynLoad_SetAllocator,func,coreinit,0xc0008968
OSEnableHomeButtonMenu,func,coreinit,0xc0008988
OSEnableOverlayArena,func,coreinit,0xc0008998
OSEnforceInorderIO,func,coreinit,0xc00089a8
OSExitThread,func,coreinit,0xc00089b0
OSFastMutex_Init,func,coreinit,0xc00089d0
OSFastMutex_Lock,func,coreinit,0xc00089d8
OSFastMutex_TryLock,func,coreinit,0xc00089e0
OSFastMutex_Unlock,func,coreinit,0xc00089e8
OSGetAlarmUserData,func,coreinit,0xc0008a28
OSGetCoreId,func,coreinit,0xc0008a78
OSGetCurrentThread,func,coreinit,0xc0008a90
OSGetSharedData,func,coreinit,0xc0008b28
OSGetSystemInfo,func,coreinit,0xc0008b58
OSGetSystemTime,func,coreinit,0xc0008b70
OSGetThreadPriority,func,coreinit,0xc0008b98
OSGetThreadSpecific,func,coreinit,0xc0008ba0
OSGetTick,func,coreinit,0xc0008ba8
OSGetTime,func,coreinit,0xc0008bb0
OSInitCond,func,coreinit,0xc0008c00
OSInitEvent,func,coreinit,0xc0008c20
OSInitMessageQueue,func,coreinit,0xc0008c30
OSInitMutex,func,coreinit,0xc0008c40
OSInitRendezvous,func,coreinit,0xc0008c50
OSInitThreadQueue,func,coreinit,0xc0008c78
OSIsAddressRangeDCValid,func,coreinit,0xc0008c88
OSIsDebuggerInitialized,func,coreinit,0xc0008ca0
OSIsDebuggerPresent,func,coreinit,0xc0008ca8
OSIsEnabledOverlayArena,func,coreinit,0xc0008cb0
OSIsHomeButtonMenuEnabled,func,coreinit,0xc0008cb8
OSJoinThread,func,coreinit,0xc0008ce8
OSLockMutex,func,coreinit,0xc0008d28
OSMemoryBarrier,func,coreinit,0xc0008d78
OSPanic,func,coreinit,0xc0008d98
OSReadRegister16,func,coreinit,0xc0008db0
OSReceiveMessage,func,coreinit,0xc0008dc0
OSReport,func,coreinit,0xc0008dd8
OSResetEvent,func,coreinit,0xc0008e08
OSRestoreInterrupts,func,coreinit,0xc0008e20
OSResumeThread,func,coreinit,0xc0008e28
OSSavesDone_ReadyToRelease,func,coreinit,0xc0008e58
OSSendMessage,func,coreinit,0xc0008eb8
OSSetAlarm,func,coreinit,0xc0008ec8
OSSetAlarmUserData,func,coreinit,0xc0008ee0
OSSetPeriodicAlarm,func,coreinit,0xc0008f30
OSSetThreadAffinity,func,coreinit,0xc0008f50
OSSetThreadName,func,coreinit,0xc0008f70
OSSetThreadPriority,func,coreinit,0xc0008f78
OSSetThreadSpecific,func,coreinit,0xc0008f88
OSSignalCond,func,coreinit,0xc0008fa0
OSSignalEvent,func,coreinit,0xc0008fa8
OSSleepTicks,func,coreinit,0xc0008fc8
OSTicksToCalendarTime,func,coreinit,0xc0009078
OSTryLockMutex,func,coreinit,0xc0009090
OSUnlockMutex,func,coreinit,0xc00090c0
OSVReport,func,coreinit,0xc00090d0
OSWaitCond,func,coreinit,0xc00090e0
OSWaitEvent,func,coreinit,0xc00090e8
OSWaitEventWithTimeout,func,coreinit,0xc00090f0
OSWaitRendezvous,func,coreinit,0xc0009100
OSWriteRegister16,func,coreinit,0xc0009120
OSYieldThread,func,coreinit,0xc0009140
UCClose,func,coreinit,0xc0009300
UCOpen,func,coreinit,0xc0009328
UCReadSysConfig,func,coreinit,0xc0009340
_Exit,func,coreinit,0xc0009360
__OSReadRegister32Ex,func,coreinit,0xc0009530
__OSWriteRegister32Ex,func,coreinit,0xc0009628
__gh_set_errno,func,coreinit,0xc0009688
__ghsLock,func,coreinit,0xc0009690
__ghsUnlock,func,coreinit,0xc0009698
__ghs_flock_file,func,coreinit,0xc00096c0
__ghs_flock_ptr,func,coreinit,0xc00096c8
__ghs_funlock_file,func,coreinit,0xc00096d8
__ghs_mtx_dst,func,coreinit,0xc00096e0
__ghs_mtx_init,func,coreinit,0xc00096e8
__ghs_mtx_lock,func,coreinit,0xc00096f0
__ghs_mtx_unlock,func,coreinit,0xc00096f8
bspGetHardwareVersion,func,coreinit,0xc0009720
exit,func,coreinit,0xc0009758
memcpy,func,coreinit,0xc0009768
memmove,func,coreinit,0xc0009770
memset,func,coreinit,0xc0009778
MEMAllocFromDefaultHeap,data,coreinit,0xc0009808
MEMAllocFromDefaultHeapEx,data,coreinit,0xc0009810
MEMFreeToDefaultHeap,data,coreinit,0xc0009818
__atexit_cleanup,data,coreinit,0xc0009840
__cpp_exception_cleanup_ptr,data,coreinit,0xc0009848
__cpp_exception_init_ptr,data,coreinit,0xc0009850
__gh_FOPEN_MAX,data,coreinit,0xc0009858
_iob,data,coreinit,0xc0009870
KPADDisableMpls,func,padscore,0xc00098e0
KPADEnableMpls,func,padscore,0xc0009920
KPADGetMplsWorkSize,func,padscore,0xc00099c0
KPADInitEx,func,padscore,0xc0009a10
KPADReadEx,func,padscore,0xc0009a78
KPADSetConnectCallback,func,padscore,0xc0009ac8
KPADSetMplsWorkarea,func,padscore,0xc0009b60
WENCGetEncodeData,func,padscore,0xc0009c28
WPADCanSendStreamData,func,padscore,0xc0009c38
WPADControlMotor,func,padscore,0xc0009c88
WPADControlSpeaker,func,padscore,0xc0009c90
WPADDisconnect,func,padscore,0xc0009cb0
WPADEnableURCC,func,padscore,0xc0009cc8
WPADGetSpeakerVolume,func,padscore,0xc0009da0
WPADIsMplsAttached,func,padscore,0xc0009e20
WPADProbe,func,padscore,0xc0009e48
WPADSendStreamData,func,padscore,0xc0009eb0
curl_easy_cleanup,func,nlibcurl,0xc000a188
curl_easy_pause,func,nlibcurl,0xc000a1b0
curl_easy_setopt,func,nlibcurl,0xc000a1d8
curl_formfree,func,nlibcurl,0xc000a200
curl_global_cleanup,func,nlibcurl,0xc000a220
curl_global_init_mem,func,nlibcurl,0xc000a230
curl_multi_add_handle,func,nlibcurl,0xc000a260
curl_multi_cleanup,func,nlibcurl,0xc000a270
curl_multi_fdset,func,nlibcurl,0xc000a278
curl_multi_info_read,func,nlibcurl,0xc000a280
curl_multi_init,func,nlibcurl,0xc000a288
curl_multi_perform,func,nlibcurl,0xc000a290
curl_multi_remove_handle,func,nlibcurl,0xc000a298
curl_multi_timeout,func,nlibcurl,0xc000a2c8
curl_slist_append,func,nlibcurl,0xc000a318
curl_slist_free_all,func,nlibcurl,0xc000a320
mw_curl_easy_init,func,nlibcurl,0xc000a340
NSSLAddServerPKIGroups,func,nsysnet,0xc000a398
NSSLCreateContext,func,nsysnet,0xc000a3a8
NSSLDestroyContext,func,nsysnet,0xc000a3b8
NSSLFinish,func,nsysnet,0xc000a3e0
NSSLInit,func,nsysnet,0xc000a418
bind,func,nsysnet,0xc000a5c0
gethostbyname,func,nsysnet,0xc000a608
getsockname,func,nsysnet,0xc000a628
htonl,func,nsysnet,0xc000a638
htons,func,nsysnet,0xc000a640
inet_ntoa,func,nsysnet,0xc000a650
inet_pton,func,nsysnet,0xc000a668
mw_socket,func,nsysnet,0xc000a678
ntohl,func,nsysnet,0xc000a7f0
ntohs,func,nsysnet,0xc000a7f8
recv,func,nsysnet,0xc000a800
recvfrom,func,nsysnet,0xc000a808
select,func,nsysnet,0xc000a818
send,func,nsysnet,0xc000a820
sendto,func,nsysnet,0xc000a828
sendto_multi,func,nsysnet,0xc000a830
set_resolver_allocator,func,nsysnet,0xc000a840
setsockopt,func,nsysnet,0xc000a850
shutdown,func,nsysnet,0xc000a858
socket_lib_finish,func,nsysnet,0xc000a878
socket_lib_init,func,nsysnet,0xc000a880
socketclose,func,nsysnet,0xc000a888
socketlasterr,func,nsysnet,0xc000a898
GX2BeginDisplayListEx,func,gx2,0xc000a8d0
GX2CalcColorBufferAuxInfo,func,gx2,0xc000a8e0
GX2CalcDRCSize,func,gx2,0xc000a8e8
GX2CalcDepthBufferHiZInfo,func,gx2,0xc000a8f0
GX2CalcFetchShaderSizeEx,func,gx2,0xc000a8f8
GX2CalcGeometryShaderInputRingBufferSize,func,gx2,0xc000a900
GX2CalcGeometryShaderOutputRingBufferSize,func,gx2,0xc000a908
GX2CalcSurfaceSizeAndAlignment,func,gx2,0xc000a910
GX2CalcTVSize,func,gx2,0xc000a918
GX2CallDisplayList,func,gx2,0xc000a920
GX2ClearBuffersEx,func,gx2,0xc000a930
GX2ClearColor,func,gx2,0xc000a938
GX2ClearDepthStencilEx,func,gx2,0xc000a940
GX2CopyColorBufferToScanBuffer,func,gx2,0xc000a950
GX2CopySurface,func,gx2,0xc000a960
GX2DirectCallDisplayList,func,gx2,0xc000a9a0
GX2DrawDone,func,gx2,0xc000a9a8
GX2DrawEx,func,gx2,0xc000a9b0
GX2DrawIndexedEx,func,gx2,0xc000a9b8
GX2EndDisplayList,func,gx2,0xc000a9d0
GX2ExpandAAColorBuffer,func,gx2,0xc000a9d8
GX2ExpandDepthBuffer,func,gx2,0xc000a9e0
GX2Flush,func,gx2,0xc000a9e8
GX2GPUTimeToCPUTime,func,gx2,0xc000a9f8
GX2GetContextStateDisplayList,func,gx2,0xc000aa30
GX2GetCurrentDisplayList,func,gx2,0xc000aa58
GX2GetGeometryShaderGPRs,func,gx2,0xc000aaa8
GX2GetGeometryShaderStackEntries,func,gx2,0xc000aab0
GX2GetPixelShaderGPRs,func,gx2,0xc000ab10
GX2GetPixelShaderStackEntries,func,gx2,0xc000ab18
GX2GetSwapStatus,func,gx2,0xc000ab88
GX2GetVertexShaderGPRs,func,gx2,0xc000abd0
GX2GetVertexShaderStackEntries,func,gx2,0xc000abd8
GX2Init,func,gx2,0xc000abe8
GX2InitColorBufferRegs,func,gx2,0xc000ac10
GX2InitDepthBufferHiZEnable,func,gx2,0xc000ac28
GX2InitDepthBufferRegs,func,gx2,0xc000ac30
GX2InitFetchShaderEx,func,gx2,0xc000ac40
GX2InitSampler,func,gx2,0xc000ac78
GX2InitSamplerBorderType,func,gx2,0xc000ac80
GX2InitSamplerClamping,func,gx2,0xc000ac88
GX2InitSamplerDepthCompare,func,gx2,0xc000ac90
GX2InitSamplerLOD,func,gx2,0xc000aca0
GX2InitSamplerXYFilter,func,gx2,0xc000acb0
GX2InitSamplerZMFilter,func,gx2,0xc000acb8
GX2InitTextureRegs,func,gx2,0xc000acd8
GX2Invalidate,func,gx2,0xc000ace8
GX2QueryBegin,func,gx2,0xc000adf0
GX2QueryBeginConditionalRender,func,gx2,0xc000adf8
GX2QueryEnd,func,gx2,0xc000ae00
GX2QueryEndConditionalRender,func,gx2,0xc000ae08
GX2SampleBottomGPUCycle,func,gx2,0xc000af88
GX2SampleTopGPUCycle,func,gx2,0xc000afa0
GX2SaveStreamOutContext,func,gx2,0xc000afa8
GX2SetAlphaTest,func,gx2,0xc000afb8
GX2SetAlphaTestReg,func,gx2,0xc000afc0
GX2SetAlphaToMask,func,gx2,0xc000afc8
GX2SetAttribBuffer,func,gx2,0xc000afd8
GX2SetBlendConstantColor,func,gx2,0xc000afe0
GX2SetBlendConstantColorReg,func,gx2,0xc000afe8
GX2SetBlendControl,func,gx2,0xc000aff0
GX2SetBlendControlReg,func,gx2,0xc000aff8
GX2SetClearDepthStencil,func,gx2,0xc000b000
GX2SetColorBuffer,func,gx2,0xc000b008
GX2SetColorControl,func,gx2,0xc000b010
GX2SetColorControlReg,func,gx2,0xc000b018
GX2SetContextState,func,gx2,0xc000b020
GX2SetCullOnlyControl,func,gx2,0xc000b030
GX2SetDRCBuffer,func,gx2,0xc000b038
GX2SetDRCEnable,func,gx2,0xc000b048
GX2SetDRCGamma,func,gx2,0xc000b050
GX2SetDRCScale,func,gx2,0xc000b058
GX2SetDefaultState,func,gx2,0xc000b070
GX2SetDepthBuffer,func,gx2,0xc000b078
GX2SetDepthOnlyControl,func,gx2,0xc000b080
GX2SetDepthStencilControl,func,gx2,0xc000b088
GX2SetDepthStencilControlReg,func,gx2,0xc000b090
GX2SetFetchShader,func,gx2,0xc000b0a0
GX2SetGeometrySampler,func,gx2,0xc000b0b8
GX2SetGeometrySamplerBorderColor,func,gx2,0xc000b0c0
GX2SetGeometryShader,func,gx2,0xc000b0c8
GX2SetGeometryShaderInputRingBuffer,func,gx2,0xc000b0d0
GX2SetGeometryShaderOutputRingBuffer,func,gx2,0xc000b0d8
GX2SetGeometryTexture,func,gx2,0xc000b0e0
GX2SetGeometryUniformBlock,func,gx2,0xc000b0e8
GX2SetLineWidth,func,gx2,0xc000b0f8
GX2SetMaxTessellationLevel,func,gx2,0xc000b108
GX2SetMinTessellationLevel,func,gx2,0xc000b110
GX2SetPixelSampler,func,gx2,0xc000b120
GX2SetPixelSamplerBorderColor,func,gx2,0xc000b128
GX2SetPixelShader,func,gx2,0xc000b130
GX2SetPixelTexture,func,gx2,0xc000b138
GX2SetPixelUniformBlock,func,gx2,0xc000b140
GX2SetPixelUniformReg,func,gx2,0xc000b148
GX2SetPointLimits,func,gx2,0xc000b150
GX2SetPointSize,func,gx2,0xc000b160
GX2SetPolygonControl,func,gx2,0xc000b170
GX2SetPolygonControlReg,func,gx2,0xc000b178
GX2SetPolygonOffset,func,gx2,0xc000b180
GX2SetPolygonOffsetReg,func,gx2,0xc000b188
GX2SetPrimitiveRestartIndex,func,gx2,0xc000b190
GX2SetRasterizerClipControl,func,gx2,0xc000b198
GX2SetScissor,func,gx2,0xc000b1b0
GX2SetShaderModeEx,func,gx2,0xc000b1c8
GX2SetStencilMask,func,gx2,0xc000b1d0
GX2SetStencilMaskReg,func,gx2,0xc000b1d8
GX2SetStreamOutBuffer,func,gx2,0xc000b1e0
GX2SetStreamOutContext,func,gx2,0xc000b1e8
GX2SetStreamOutEnable,func,gx2,0xc000b1f0
GX2SetSurfaceSwizzle,func,gx2,0xc000b1f8
GX2SetSwapInterval,func,gx2,0xc000b200
GX2SetTVBuffer,func,gx2,0xc000b208
GX2SetTVEnable,func,gx2,0xc000b210
GX2SetTVGamma,func,gx2,0xc000b218
GX2SetTVScale,func,gx2,0xc000b220
GX2SetTargetChannelMasks,func,gx2,0xc000b230
GX2SetTargetChannelMasksReg,func,gx2,0xc000b238
GX2SetTessellation,func,gx2,0xc000b240
GX2SetVertexSampler,func,gx2,0xc000b258
GX2SetVertexSamplerBorderColor,func,gx2,0xc000b260
GX2SetVertexShader,func,gx2,0xc000b268
GX2SetVertexTexture,func,gx2,0xc000b270
GX2SetVertexUniformBlock,func,gx2,0xc000b278
GX2SetVertexUniformReg,func,gx2,0xc000b280
GX2SetViewport,func,gx2,0xc000b290
GX2SetupContextStateEx,func,gx2,0xc000b2a0
GX2SwapScanBuffers,func,gx2,0xc000b2d0
GX2TempGetGPUVersion,func,gx2,0xc000b2e8
GX2WaitForVsync,func,gx2,0xc000b328
AXAcquireVoice,func,snd_core,0xc000b4b8
AXAcquireVoiceEx,func,snd_core,0xc000b4c0
AXComputeLpfCoefs,func,snd_core,0xc000b4d0
AXDecodeAdpcmData,func,snd_core,0xc000b4d8
AXDeregisterAppFrameCallback,func,snd_core,0xc000b4e0
AXFreeVoice,func,snd_core,0xc000b4e8
AXGetAuxCallback,func,snd_core,0xc000b538
AXGetDeviceFinalMixCallback,func,snd_core,0xc000b578
AXGetDeviceMode,func,snd_core,0xc000b588
AXGetDeviceUpsampleStage,func,snd_core,0xc000b598
AXGetSwapProfile,func,snd_core,0xc000b628
AXGetVoiceCurrentOffsetEx,func,snd_core,0xc000b630
AXGetVoiceLoopCount,func,snd_core,0xc000b638
AXGetVoiceOffsets,func,snd_core,0xc000b648
AXInit,func,snd_core,0xc000b678
AXInitProfile,func,snd_core,0xc000b690
AXQuit,func,snd_core,0xc000b6d8
AXRegisterAppFrameCallback,func,snd_core,0xc000b6e0
AXRegisterAuxCallback,func,snd_core,0xc000b700
AXRegisterDeviceFinalMixCallback,func,snd_core,0xc000b720
AXRegisterFrameCallback,func,snd_core,0xc000b730
AXRmtAdvancePtr,func,snd_core,0xc000b740
AXRmtGetSamples,func,snd_core,0xc000b748
AXRmtGetSamplesLeft,func,snd_core,0xc000b750
AXSetAuxReturnVolume,func,snd_core,0xc000b770
AXSetDRCVSDownmixBalance,func,snd_core,0xc000b780
AXSetDRCVSLC,func,snd_core,0xc000b788
AXSetDRCVSMode,func,snd_core,0xc000b7a0
AXSetDRCVSOutputGain,func,snd_core,0xc000b7a8
AXSetDRCVSSpeakerPosition,func,snd_core,0xc000b7b0
AXSetDRCVSSurroundDepth,func,snd_core,0xc000b7b8
AXSetDRCVSSurroundLevelGain,func,snd_core,0xc000b7c0
AXSetDefaultMixerSelect,func,snd_core,0xc000b7d0
AXSetDeviceCompressor,func,snd_core,0xc000b7d8
AXSetDeviceLinearUpsampler,func,snd_core,0xc000b7e8
AXSetDeviceUpsampleStage,func,snd_core,0xc000b800
AXSetMaxVoices,func,snd_core,0xc000b838
AXSetVoiceAdpcm,func,snd_core,0xc000b860
AXSetVoiceAdpcmLoop,func,snd_core,0xc000b868
AXSetVoiceBiquad,func,snd_core,0xc000b870
AXSetVoiceBiquadCoefs,func,snd_core,0xc000b878
AXSetVoiceDeviceMix,func,snd_core,0xc000b898
AXSetVoiceEndOffsetEx,func,snd_core,0xc000b8a8
AXSetVoiceLoop,func,snd_core,0xc000b8c0
AXSetVoiceLoopOffsetEx,func,snd_core,0xc000b8d0
AXSetVoiceLpf,func,snd_core,0xc000b8d8
AXSetVoiceLpfCoefs,func,snd_core,0xc000b8e0
AXSetVoiceMixerSelect,func,snd_core,0xc000b8f0
AXSetVoiceOffsets,func,snd_core,0xc000b8f8
AXSetVoicePriority,func,snd_core,0xc000b908
AXSetVoiceRmtIIR,func,snd_core,0xc000b910
AXSetVoiceRmtIIRCoefs,func,snd_core,0xc000b918
AXSetVoiceRmtOn,func,snd_core,0xc000b928
AXSetVoiceSrc,func,snd_core,0xc000b940
AXSetVoiceSrcRatio,func,snd_core,0xc000b948
AXSetVoiceSrcType,func,snd_core,0xc000b950
AXSetVoiceState,func,snd_core,0xc000b958
AXSetVoiceType,func,snd_core,0xc000b960
AXSetVoiceVe,func,snd_core,0xc000b968
AXUserBegin,func,snd_core,0xc000b988
AXUserEnd,func,snd_core,0xc000b990
AXUserIsProtected,func,snd_core,0xc000b998
DRCVS_Process,func,snd_core,0xc000b9c8
DRCVS_SetOutputMode,func,snd_core,0xc000ba08
MIXAssignChannel,func,snd_user,0xc000c450
MIXInit,func,snd_user,0xc000c590
MIXInitDeviceControl,func,snd_user,0xc000c5a0
MIXInitInputControl,func,snd_user,0xc000c5a8
MIXSetDeviceFader,func,snd_user,0xc000c660
MIXSetDeviceSoundMode,func,snd_user,0xc000c680
MIXUpdateSettings,func,snd_user,0xc000c6b8
ProcUIDrawDoneRelease,func,proc_ui,0xc000c810
ProcUIInShutdown,func,proc_ui,0xc000c820
ProcUIInit,func,proc_ui,0xc000c828
ProcUIProcessMessages,func,proc_ui,0xc000c840
ProcUIRegisterCallback,func,proc_ui,0xc000c850
ProcUIShutdown,func,proc_ui,0xc000c878
VPADControlMotor,func,vpad,0xc000c8d0
VPADGetTPCalibratedPoint,func,vpad,0xc000c9b0
VPADRead,func,vpad,0xc000ca20
VPADSetStickOrigin,func,vpad,0xc000cae0
VPADStopMotor,func,vpad,0xc000cb10
VPADBASEGetHeadphoneStatus,func,vpadbase,0xc000cb88
inflate,func,zlib125,0xc000cd10
inflateEnd,func,zlib125,0xc000cd38
inflateInit2_,func,zlib125,0xc000cd48
AcquireNexServiceToken__Q2_2nn3actFP26ACTNexAuthenticationResultUi,func,nn_act,0xc000d270
Finalize__Q2_2nn3actFv,func,nn_act,0xc000d340
GetAccountId__Q2_2nn3actFPc,func,nn_act,0xc000d368
GetErrorCode__Q2_2nn3actFRCQ2_2nn6Result,func,nn_act,0xc000d3e0
GetMiiEx__Q2_2nn3actFP12FFLStoreDataUc,func,nn_act,0xc000d428
GetNumOfAccounts__Q2_2nn3actFv,func,nn_act,0xc000d478
GetPrincipalIdEx__Q2_2nn3actFPUiUc,func,nn_act,0xc000d4a0
GetPrincipalId__Q2_2nn3actFv,func,nn_act,0xc000d4a8
GetSimpleAddressIdEx__Q2_2nn3actFPUiUc,func,nn_act,0xc000d4b0
GetSimpleAddressId__Q2_2nn3actFv,func,nn_act,0xc000d4b8
GetSlotNo__Q2_2nn3actFv,func,nn_act,0xc000d4d8
GetTransferableIdEx__Q2_2nn3actFPULUiUc,func,nn_act,0xc000d510
GetUtcOffset__Q2_2nn3actFv,func,nn_act,0xc000d528
GetUuidEx__Q2_2nn3actFP7ACTUuidUc,func,nn_act,0xc000d530
GetUuid__Q2_2nn3actFP7ACTUuid,func,nn_act,0xc000d540
HasNfsAccount__Q2_2nn3actFv,func,nn_act,0xc000d560
Initialize__Q2_2nn3actFv,func,nn_act,0xc000d588
IsNetworkAccountEx__Q2_2nn3actFUc,func,nn_act,0xc000d5e8
IsSlotOccupied__Q2_2nn3actFUc,func,nn_act,0xc000d620
GetBossState__Q2_2nn4bossFv,func,nn_boss,0xc000d8f8
GetCreatedTime__Q3_2nn4boss6NsDataCFv,func,nn_boss,0xc000d910
GetDataList__Q3_2nn4boss7StorageCFPQ3_2nn4boss8DataNameUiPUiT2,func,nn_boss,0xc000d918
GetDeleteProtectionFlag__Q3_2nn4boss6NsDataCFv,func,nn_boss,0xc000d920
GetMemo__Q3_2nn4boss6NsDataCFv,func,nn_boss,0xc000d968
GetPosition__Q3_2nn4boss6NsDataCFv,func,nn_boss,0xc000d9c8
GetReadFlag__Q3_2nn4boss6NsDataCFv,func,nn_boss,0xc000d9f0
GetResult__Q3_2nn4boss4TaskCFPUi,func,nn_boss,0xc000da08
GetSize__Q3_2nn4boss6NsDataCFv,func,nn_boss,0xc000da20
GetTurnState__Q3_2nn4boss4TaskCFPUi,func,nn_boss,0xc000da90
Initialize__Q2_2nn4bossFv,func,nn_boss,0xc000dae0
Initialize__Q3_2nn4boss15NbdlTaskSettingFPCcLT1,func,nn_boss,0xc000daf8
Initialize__Q3_2nn4boss17PlayReportSettingFPvUi,func,nn_boss,0xc000db28
Initialize__Q3_2nn4boss4TaskFPCcUi,func,nn_boss,0xc000db40
Initialize__Q3_2nn4boss6NsDataFRCQ3_2nn4boss7StoragePCc,func,nn_boss,0xc000db48
Initialize__Q3_2nn4boss7StorageFPCcUiQ3_2nn4boss11StorageKind,func,nn_boss,0xc000db50
IsRegistered__Q3_2nn4boss4TaskCFv,func,nn_boss,0xc000db70
Read__Q3_2nn4boss6NsDataFPLPvUi,func,nn_boss,0xc000dbb8
Register__Q3_2nn4boss4TaskFRQ3_2nn4boss11TaskSetting,func,nn_boss,0xc000dc10
SetReadFlag__Q3_2nn4boss6NsDataFb,func,nn_boss,0xc000dd98
Set__Q3_2nn4boss17PlayReportSettingFPCcUi,func,nn_boss,0xc000ddd8
StartScheduling__Q3_2nn4boss4TaskFb,func,nn_boss,0xc000ddf0
Unregister__Q3_2nn4boss4TaskFv,func,nn_boss,0xc000de18
UpdateIntervalSec__Q3_2nn4boss4TaskFUi,func,nn_boss,0xc000de20
UpdateLifeTimeSec__Q3_2nn4boss4TaskFL,func,nn_boss,0xc000de28
Wait__Q3_2nn4boss4TaskFQ3_2nn4boss13TaskWaitState,func,nn_boss,0xc000de30
__ct__Q3_2nn4boss15NbdlTaskSettingFv,func,nn_boss,0xc000dee8
__ct__Q3_2nn4boss17PlayReportSettingFv,func,nn_boss,0xc000df08
__ct__Q3_2nn4boss4TaskFv,func,nn_boss,0xc000df38
__ct__Q3_2nn4boss5TitleFUiQ3_2nn4boss7TitleID,func,nn_boss,0xc000df40
__ct__Q3_2nn4boss6NsDataFv,func,nn_boss,0xc000df50
__ct__Q3_2nn4boss7StorageFv,func,nn_boss,0xc000df90
__ct__Q3_2nn4boss7TitleIDFUL,func,nn_boss,0xc000dfa0
__ct__Q3_2nn4boss8DataNameFv,func,nn_boss,0xc000dfc0
__dt__Q3_2nn4boss15NbdlTaskSettingFv,func,nn_boss,0xc000dff8
__dt__Q3_2nn4boss4TaskFv,func,nn_boss,0xc000e040
__opPCc__Q3_2nn4boss8DataNameCFv,func,nn_boss,0xc000e100
SAVEFlushQuota,func,nn_save,0xc000e1c0
SAVEGetFreeSpaceSize,func,nn_save,0xc000e1d0
SAVEGetSharedDataTitlePath,func,nn_save,0xc000e1f8
SAVEGetSharedSaveDataPath,func,nn_save,0xc000e200
SAVEGetStat,func,nn_save,0xc000e208
SAVEInit,func,nn_save,0xc000e248
SAVEInitSaveDir,func,nn_save,0xc000e258
SAVEOpenDir,func,nn_save,0xc000e270
SAVEOpenFile,func,nn_save,0xc000e2b0
SAVERemove,func,nn_save,0xc000e2f0
SAVEShutdown,func,nn_save,0xc000e320
GetFriendAccountId__Q2_2nn2fpFPA17_cPCUiUi,func,nn_fp,0xc000e418
GetFriendListAll__Q2_2nn2fpFPUiT1UiT3,func,nn_fp,0xc000e430
GetFriendMii__Q2_2nn2fpFP12FFLStoreDataPCUiUi,func,nn_fp,0xc000e448
GetFriendPresence__Q2_2nn2fpFPQ3_2nn2fp14FriendPresencePCUiUi,func,nn_fp,0xc000e460
GetFriendProfile__Q2_2nn2fpFPQ3_2nn2fp7ProfilePCUiUi,func,nn_fp,0xc000e468
GetFriendRelationship__Q2_2nn2fpFPUcPCUiUi,func,nn_fp,0xc000e470
GetFriendRequestList__Q2_2nn2fpFPUiT1UiT3,func,nn_fp,0xc000e488
GetFriendScreenName__Q2_2nn2fpFPA11_wPCUiUibPUc,func,nn_fp,0xc000e498
GetMyAccountId__Q2_2nn2fpFPc,func,nn_fp,0xc000e4b0
GetMyPreference__Q2_2nn2fpFPQ3_2nn2fp10Preference,func,nn_fp,0xc000e4d0
GetMyPresence__Q2_2nn2fpFPQ3_2nn2fp10MyPresence,func,nn_fp,0xc000e4d8
GetMyProfile__Q2_2nn2fpFPQ3_2nn2fp7Profile,func,nn_fp,0xc000e4e8
GetMyScreenName__Q2_2nn2fpFPw,func,nn_fp,0xc000e4f0
Initialize__Q2_2nn2fpFv,func,nn_fp,0xc000e518
IsFriendRequestAllowed__Q2_2nn2fpFv,func,nn_fp,0xc000e520
IsInitialized__Q2_2nn2fpFv,func,nn_fp,0xc000e530
IsOnline__Q2_2nn2fpFv,func,nn_fp,0xc000e558
LoginAsync__Q2_2nn2fpFPFQ2_2nn6ResultPv_vPv,func,nn_fp,0xc000e578
Logout__Q2_2nn2fpFv,func,nn_fp,0xc000e580
RegisterAccountAsync__Q2_2nn2fpFPFQ2_2nn6ResultPv_vPv,func,nn_fp,0xc000e590
ResultToErrorCode__Q2_2nn2fpFQ2_2nn6Result,func,nn_fp,0xc000e5a8
SetNotificationHandler__Q2_2nn2fpFUiPFQ3_2nn2fp16NotificationTypeUiPv_vPv,func,nn_fp,0xc000e5c0
UpdateGameMode__Q2_2nn2fpFPCQ3_2nn2fp8GameModePCwUi,func,nn_fp,0xc000e5f8
AddCommonData__Q3_2nn3olv15UploadParamBaseFUiPCUcT1,func,nn_olv.rpl,0xc000e650
AddStampData__Q3_2nn3olv28UploadPostDataByPostAppParamFPCUcUi,func,nn_olv.rpl,0xc000e658
AddStampData__Q3_2nn3olv31UploadCommentDataByPostAppParamFPCUcUi,func,nn_olv.rpl,0xc000e660
Cancel__Q2_2nn3olvFv,func,nn_olv.rpl,0xc000e670
DownloadCommentDataList__Q2_2nn3olvFPQ3_2nn3olv21DownloadedCommentDataPUiUiPCQ3_2nn3olv28DownloadCommentDataListParam,func,nn_olv.rpl,0xc000e6a8
DownloadCommunityDataList__Q2_2nn3olvFPQ3_2nn3olv23DownloadedCommunityDataPUiUiPCQ3_2nn3olv30DownloadCommunityDataListParam,func,nn_olv.rpl,0xc000e6b0
DownloadPostDataList__Q2_2nn3olvFPQ3_2nn3olv19DownloadedTopicDataPQ3_2nn3olv18DownloadedPostDataPUiUiPCQ3_2nn3olv25DownloadPostDataListParam,func,nn_olv.rpl,0xc000e6d8
GetAppData__Q3_2nn3olv18DownloadedDataBaseCFPUcPUiUi,func,nn_olv.rpl,0xc000e750
GetBodyMemo__Q3_2nn3olv18DownloadedDataBaseCFPUcPUiUi,func,nn_olv.rpl,0xc000e790
GetBodyText__Q3_2nn3olv18DownloadedDataBaseCFPwUi,func,nn_olv.rpl,0xc000e7b8
GetCommentCount__Q3_2nn3olv18DownloadedPostDataCFv,func,nn_olv.rpl,0xc000e7d8
GetCommentId__Q3_2nn3olv21DownloadedCommentDataCFv,func,nn_olv.rpl,0xc000e7f8
GetCommunityCode__Q3_2nn3olv21UploadedCommunityDataCFPcUi,func,nn_olv.rpl,0xc000e808
GetCommunityId__Q3_2nn3olv21UploadedCommunityDataCFv,func,nn_olv.rpl,0xc000e848
GetCommunityId__Q3_2nn3olv23DownloadedCommunityDataCFv,func,nn_olv.rpl,0xc000e850
GetCountryId__Q3_2nn3olv18DownloadedDataBaseCFv,func,nn_olv.rpl,0xc000e868
GetDataTypeNum__Q3_2nn3olv15UploadParamBaseCFUi,func,nn_olv.rpl,0xc000e880
GetEmpathyCount__Q3_2nn3olv18DownloadedPostDataCFv,func,nn_olv.rpl,0xc000e908
GetErrorCode__Q2_2nn3olvFRCQ2_2nn6Result,func,nn_olv.rpl,0xc000e910
GetFeeling__Q3_2nn3olv18DownloadedDataBaseCFv,func,nn_olv.rpl,0xc000e970
GetLanguageId__Q3_2nn3olv18DownloadedDataBaseCFv,func,nn_olv.rpl,0xc000e9b8
GetMiiData__Q3_2nn3olv18DownloadedDataBaseCFP12FFLStoreData,func,nn_olv.rpl,0xc000e9c8
GetMiiNickname__Q3_2nn3olv18DownloadedDataBaseCFv,func,nn_olv.rpl,0xc000e9e0
GetPostDate__Q3_2nn3olv18DownloadedDataBaseCFv,func,nn_olv.rpl,0xc000ea58
GetPostId__Q3_2nn3olv16UploadedPostDataCFv,func,nn_olv.rpl,0xc000ea68
GetPostId__Q3_2nn3olv18DownloadedPostDataCFv,func,nn_olv.rpl,0xc000ea78
GetReportTypes__Q3_2nn3olv6ReportFv,func,nn_olv.rpl,0xc000ead8
GetResultByPostApp__Q2_2nn3olvFv,func,nn_olv.rpl,0xc000eae0
GetResultWithUploadedPostDataByPostApp__Q2_2nn3olvFPQ3_2nn3olv16UploadedPostData,func,nn_olv.rpl,0xc000eaf8
GetTopicTag__Q3_2nn3olv18DownloadedDataBaseCFv,func,nn_olv.rpl,0xc000ebc0
GetUserPid__Q3_2nn3olv18DownloadedDataBaseCFv,func,nn_olv.rpl,0xc000ebf8
Initialize__Q2_2nn3olvFPCQ3_2nn3olv15InitializeParam,func,nn_olv.rpl,0xc000ec30
IsInitialized__Q2_2nn3olvFv,func,nn_olv.rpl,0xc000ec48
SetAppData__Q3_2nn3olv15UploadParamBaseFPCUcUi,func,nn_olv.rpl,0xc000ec68
SetAppData__Q3_2nn3olv24UploadCommunityDataParamFPCUcUi,func,nn_olv.rpl,0xc000ec70
SetBodyMemo__Q3_2nn3olv15UploadParamBaseFPCUcUi,func,nn_olv.rpl,0xc000ec80
SetBodyTextMaxLength__Q3_2nn3olv28UploadPostDataByPostAppParamFUi,func,nn_olv.rpl,0xc000eca0
SetBodyText__Q3_2nn3olv15UploadParamBaseFPCw,func,nn_olv.rpl,0xc000ecb8
SetCommentDataMaxNum__Q3_2nn3olv28DownloadCommentDataListParamFUi,func,nn_olv.rpl,0xc000ecc0
SetCommunityDataMaxNum__Q3_2nn3olv30DownloadCommunityDataListParamFUi,func,nn_olv.rpl,0xc000ece0
SetCommunityId__Q3_2nn3olv19StartPortalAppParamFUi,func,nn_olv.rpl,0xc000ece8
SetCommunityId__Q3_2nn3olv19UploadPostDataParamFUi,func,nn_olv.rpl,0xc000ecf0
SetCommunityId__Q3_2nn3olv24UploadCommunityDataParamFUi,func,nn_olv.rpl,0xc000ecf8
SetCommunityId__Q3_2nn3olv25DownloadPostDataListParamFUi,func,nn_olv.rpl,0xc000ed00
SetCommunityId__Q3_2nn3olv34UploadFavoriteToCommunityDataParamFUi,func,nn_olv.rpl,0xc000ed20
SetDescriptionText__Q3_2nn3olv24UploadCommunityDataParamFPCw,func,nn_olv.rpl,0xc000ed38
SetExternalImageData__Q3_2nn3olv15UploadParamBaseFPCUcUi,func,nn_olv.rpl,0xc000ed68
SetFeeling__Q3_2nn3olv15UploadParamBaseFQ3_2nn3olv7Feeling,func,nn_olv.rpl,0xc000ed88
SetFlags__Q3_2nn3olv24UploadCommunityDataParamFUi,func,nn_olv.rpl,0xc000edb8
SetFlags__Q3_2nn3olv25DownloadPostDataListParamFUi,func,nn_olv.rpl,0xc000edc0
SetFlags__Q3_2nn3olv28DownloadCommentDataListParamFUi,func,nn_olv.rpl,0xc000edd8
SetFlags__Q3_2nn3olv28UploadEmpathyToPostDataParamFUi,func,nn_olv.rpl,0xc000ede8
SetFlags__Q3_2nn3olv30DownloadCommunityDataListParamFUi,func,nn_olv.rpl,0xc000edf8
SetFlags__Q3_2nn3olv34UploadFavoriteToCommunityDataParamFUi,func,nn_olv.rpl,0xc000ee10
SetIconData__Q3_2nn3olv24UploadCommunityDataParamFPCUcUi,func,nn_olv.rpl,0xc000ee38
SetLanguageId__Q3_2nn3olv25DownloadPostDataListParamFUc,func,nn_olv.rpl,0xc000ee40
SetLanguageId__Q3_2nn3olv28DownloadCommentDataListParamFUc,func,nn_olv.rpl,0xc000ee48
SetPostDataMaxNum__Q3_2nn3olv25DownloadPostDataListParamFUi,func,nn_olv.rpl,0xc000ee50
SetPostId__Q3_2nn3olv19StartPortalAppParamFPCc,func,nn_olv.rpl,0xc000ee80
SetPostId__Q3_2nn3olv22UploadCommentDataParamFPCc,func,nn_olv.rpl,0xc000ee90
SetPostId__Q3_2nn3olv25DownloadPostDataListParamFPCcUi,func,nn_olv.rpl,0xc000ee98
SetPostId__Q3_2nn3olv28DownloadCommentDataListParamFPCc,func,nn_olv.rpl,0xc000eea8
SetPostId__Q3_2nn3olv28UploadEmpathyToPostDataParamFPCc,func,nn_olv.rpl,0xc000eeb0
SetReportTypes__Q3_2nn3olv15InitializeParamFUi,func,nn_olv.rpl,0xc000eec8
SetSearchKey__Q3_2nn3olv19UploadPostDataParamFPCwUc,func,nn_olv.rpl,0xc000eee0
SetSearchKey__Q3_2nn3olv25DownloadPostDataListParamFPCw,func,nn_olv.rpl,0xc000eee8
SetSearchPid__Q3_2nn3olv25DownloadPostDataListParamFUi,func,nn_olv.rpl,0xc000ef10
SetTitleText__Q3_2nn3olv24UploadCommunityDataParamFPCw,func,nn_olv.rpl,0xc000ef58
SetTopicTag__Q3_2nn3olv19UploadPostDataParamFPCw,func,nn_olv.rpl,0xc000ef70
SetUserPid__Q3_2nn3olv19StartPortalAppParamFUi,func,nn_olv.rpl,0xc000ef80
SetUserPid__Q3_2nn3olv37UploadDirectMessageDataByPostAppParamFUi,func,nn_olv.rpl,0xc000efa0
SetWork__Q3_2nn3olv15InitializeParamFPUcUi,func,nn_olv.rpl,0xc000efa8
SetWork__Q3_2nn3olv28UploadPostDataByPostAppParamFPUcUi,func,nn_olv.rpl,0xc000efb0
SetWork__Q3_2nn3olv31UploadCommentDataByPostAppParamFPUcUi,func,nn_olv.rpl,0xc000efb8
StartPortalApp__Q2_2nn3olvFPCQ3_2nn3olv19StartPortalAppParam,func,nn_olv.rpl,0xc000efd0
UploadCommentDataByPostApp__Q2_2nn3olvFPCQ3_2nn3olv31UploadCommentDataByPostAppParam,func,nn_olv.rpl,0xc000f038
UploadCommunityData__Q2_2nn3olvFPQ3_2nn3olv21UploadedCommunityDataPCQ3_2nn3olv24UploadCommunityDataParam,func,nn_olv.rpl,0xc000f058
UploadDirectMessageDataByPostApp__Q2_2nn3olvFPCQ3_2nn3olv37UploadDirectMessageDataByPostAppParam,func,nn_olv.rpl,0xc000f060
UploadEmpathyToPostData__Q2_2nn3olvFPCQ3_2nn3olv28UploadEmpathyToPostDataParam,func,nn_olv.rpl,0xc000f078
UploadFavoriteToCommunityData__Q2_2nn3olvFPCQ3_2nn3olv34UploadFavoriteToCommunityDataParam,func,nn_olv.rpl,0xc000f080
UploadPostDataByPostApp__Q2_2nn3olvFPCQ3_2nn3olv28UploadPostDataByPostAppParam,func,nn_olv.rpl,0xc000f098
UploadPostData__Q2_2nn3olvFPQ3_2nn3olv16UploadedPostDataPCQ3_2nn3olv19UploadPostDataParam,func,nn_olv.rpl,0xc000f0a8
__ct__Q3_2nn3olv15InitializeParamFv,func,nn_olv.rpl,0xc000f0b8
__ct__Q3_2nn3olv16UploadedPostDataFv,func,nn_olv.rpl,0xc000f0c8
__ct__Q3_2nn3olv18DownloadedPostDataFv,func,nn_olv.rpl,0xc000f0d8
__ct__Q3_2nn3olv19DownloadedTopicDataFv,func,nn_olv.rpl,0xc000f0e8
__ct__Q3_2nn3olv19StartPortalAppParamFv,func,nn_olv.rpl,0xc000f0f0
__ct__Q3_2nn3olv19UploadPostDataParamFv,func,nn_olv.rpl,0xc000f0f8
__ct__Q3_2nn3olv21UploadedCommunityDataFv,func,nn_olv.rpl,0xc000f110
__ct__Q3_2nn3olv23DownloadedCommunityDataFv,func,nn_olv.rpl,0xc000f120
__ct__Q3_2nn3olv24UploadCommunityDataParamFv,func,nn_olv.rpl,0xc000f130
__ct__Q3_2nn3olv25DownloadPostDataListParamFv,func,nn_olv.rpl,0xc000f138
__ct__Q3_2nn3olv28DownloadCommentDataListParamFv,func,nn_olv.rpl,0xc000f160
__ct__Q3_2nn3olv28UploadEmpathyToPostDataParamFv,func,nn_olv.rpl,0xc000f170
__ct__Q3_2nn3olv28UploadPostDataByPostAppParamFv,func,nn_olv.rpl,0xc000f178
__ct__Q3_2nn3olv30DownloadCommunityDataListParamFv,func,nn_olv.rpl,0xc000f180
__ct__Q3_2nn3olv31UploadCommentDataByPostAppParamFv,func,nn_olv.rpl,0xc000f188
__ct__Q3_2nn3olv31UploadedFavoriteToCommunityDataFv,func,nn_olv.rpl,0xc000f190
__ct__Q3_2nn3olv34UploadFavoriteToCommunityDataParamFv,func,nn_olv.rpl,0xc000f1a0
__ct__Q3_2nn3olv37UploadDirectMessageDataByPostAppParamFv,func,nn_olv.rpl,0xc000f1a8
__dt__Q3_2nn3olv15UploadParamBaseFv,func,nn_olv.rpl,0xc000f228
__dt__Q3_2nn3olv16UploadedDataBaseFv,func,nn_olv.rpl,0xc000f230
__dt__Q3_2nn3olv28UploadPostDataByPostAppParamFv,func,nn_olv.rpl,0xc000f240
TEMPChangeOthersMode,func,nn_temp,0xc000f298
TEMPCreateAndInitTempDir,func,nn_temp,0xc000f2a8
TEMPGetFreeSpaceSize,func,nn_temp,0xc000f2c0
TEMPInit,func,nn_temp,0xc000f2e0
TEMPOpenFile,func,nn_temp,0xc000f310
TEMPRemove,func,nn_temp,0xc000f330
TEMPShutdownTempDir,func,nn_temp,0xc000f358
SYSLaunchAccount,func,sysapp,0xc000f3f8
SYSLaunchSettings,func,sysapp,0xc000f410
_SYSGetSystemApplicationTitleId,func,sysapp,0xc000f518
MICClose,func,mic,0xc000f688
MICGetState,func,mic,0xc000f690
MICGetStatus,func,mic,0xc000f698
MICInit,func,mic,0xc000f6a0
MICOpen,func,mic,0xc000f6a8
MICSetDataConsumed,func,mic,0xc000f6b0
MICSetState,func,mic,0xc000f6b8
MICUninit,func,mic,0xc000f6c0
Create__8MVPlayerSFv,func,mvplayer,0xc000f740
Destroy__8MVPlayerSFP8MVPlayer,func,mvplayer,0xc000f748
Draw__6MVViewFv,func,mvplayer,0xc000f750
Shutdown__8MVPlayerSFv,func,mvplayer,0xc000f830
MV_CacheSize,data,mvplayer,0xc000f888
MV_H264Frames,data,mvplayer,0xc000f890
MV_H264Height,data,mvplayer,0xc000f898
MV_H264Level,data,mvplayer,0xc000f8a0
MV_H264Profile,data,mvplayer,0xc000f8a8
MV_H264Width,data,mvplayer,0xc000f8b0
MV_Heap,data,mvplayer,0xc000f8b8
MV_HeapForH264,data,mvplayer,0xc000f8c0
Close__Q2_2nn2acFv,func,nn_ac,0xc000fcf0
Connect__Q2_2nn2acFv,func,nn_ac,0xc000fd28
GetAssignedAddress__Q2_2nn2acFPUl,func,nn_ac,0xc000fd60
GetAssignedSubnet__Q2_2nn2acFPUl,func,nn_ac,0xc000fd80
GetLastErrorCode__Q2_2nn2acFPUi,func,nn_ac,0xc000fdf8
Initialize__Q2_2nn2acFv,func,nn_ac,0xc000fed0
IsApplicationConnected__Q2_2nn2acFPb,func,nn_ac,0xc000fee0
Finalize__Q2_2nn3ndmFv,func,nn_ndm,0xc00100a8
ResumeDaemons__Q2_2nn3ndmFUi,func,nn_ndm,0xc0010128
