row,terrain_key,variant0,variant1,variant2,variant3,variant4,variant5,variant6,variant7
0,ROAD,SNDG_GND_ASPHALT,SNDG_GND_CONCRETE,SNDG_GND_STONE,SNDG_GND_WOOD,SNDG_GND_TEPPAN,SNDG_GND_KANAAMI,SNDG_GND_CARPET,SNDG_GND_RAINBOW
1,ROAD2,SNDG_GND_GRASS_SMALL,SNDG_GND_DIRT_SMALL,SNDG_GND_GLASS,SNDG_GND_GRASS,SNDG_GND_PIANO,SNDG_GND_XYLOPHONE,SNDG_GND_METALLOPHONE,SNDG_GND_BONE
2,ROAD3,,SNDG_GND_ASPHALT,SNDG_GND_CLOTH,SNDG_GND_CARPET,SNDG_GND_CANDY,SNDG_GND_SPONGE,SNDG_GND_CARPET,SNDG_GND_CLOUD
3,ROAD4,SNDG_GND_TCROAD,,,SNDG_GND_WBOARD,SNDG_GND_MORAY,,,SNDG_GND_RAINBOW2
4,SAND,SNDG_GND_SAND_SMALL,SNDG_GND_DIRT_SMALL,SNDG_GND_SNOW_SMALL,SNDG_GND_NUKARUMI_SMALL,SNDG_GND_CARPET,,,
5,LDIRT,SNDG_GND_SAND,SNDG_GND_DIRT,SNDG_GND_CARPET,SNDG_GND_WOOD,SNDG_GND_GRASS_SMALL,SNDG_GND_WATER,SNDG_GND_GANSEKI,
6,DIRT,SNDG_GND_SAND,SNDG_GND_DIRT,SNDG_GND_SNOW,SNDG_GND_HBOARD,SNDG_GND_GRASS,SNDG_GND_WATER,SNDG_GND_GANSEKI,SNDG_GND_NUKARUMI
7,DIRT2,SNDG_GND_CHOCOLATE,SNDG_GND_CREAM,SNDG_GND_CREAM,SNDG_GND_SWAROVSKI,SNDG_GND_STONE,SNDG_GND_RUBBER,,
8,HDIRT,SNDG_GND_SAND,SNDG_GND_DIRT,SNDG_GND_SNOW,,SNDG_GND_GRASS,,,
9,ICE,SNDG_GND_GLASS,SNDG_GND_WATER,SNDG_GND_WETASPHALT,,,,,
10,DASH,SNDG_GND_ASPHALT,,,,,,,
11,GRAVITY,SNDG_GND_ASPHALT,,,,,,,
12,GLIDE,,,,,,,,
13,CANNON,,,,,,,,
14,TRIGGER,,,,,,,,
15,ZONE,,,,,,,,
16,PULL,SNDG_GND_WATER,SNDG_GND_RIVERWILD,,,,,,
17,BELT,SNDG_GND_STAIRS,SNDG_GND_STAIRS,,,,,,
18,SOUND,,,,,,,,
19,WALL,SNDG_WALL_CONCRETE,SNDG_WALL_GAKE,SNDG_WALL_METAL,SNDG_WALL_WOOD,SNDG_WALL_ICE,SNDG_WALL_SNOW,SNDG_WALL_IVY,SNDG_WALL_RAINBOW
20,WALL2,SNDG_WALL_CHOCOLATE,SNDG_WALL_MUSICAL,SNDG_WALL_TECHNO_FENCE,SNDG_WALL_GLASS,SNDG_WALL_CANDY,SNDG_WALL_SPONGE,SNDG_WALL_PAPER,SNDG_WALL_COOKIE
21,WALL3,SNDG_WALL_LEAF,SNDG_WALL_CAR,,,,,,
22,LWALL,SNDG_WALL_CONCRETE,,SNDG_WALL_METAL,SNDG_WALL_BONE,,SNDG_WALL_CLOTH,SNDG_WALL_CLOTH,SNDG_WALL_RAINBOW
23,ITROAD,SNDG_WALL_CONCRETE,,,,,,,
24,ITWALL,SNDG_WALL_CONCRETE,,,,,,,
25,BWALL,SNDG_WALL_CREAM,SNDG_WALL_BUSH,SNDG_WALL_PLASTIC,SNDG_WALL_LEAF,SNDG_WALL_MORAY,SNDG_WALL_TIRE,SNDG_GND_CLOTH,SNDG_GND_CLOUD
26,OUTF,,,,,,,,
27,RESQ,,,,,,,,
28,VALLEY,,,,,,,,
