tire_id,abbr,name,file_K,file_B,file_T,arm_file_K,wiki_note
0,Std,Standard,TireK_Std.szs,TireB_Std.szs,TireT_Std.szs,ArmK_Std.szs,
1,Big,Monster,TireK_Big.szs,TireB_Big.szs,TireT_Big.szs,ArmK_Big.szs,
2,Sml,Roller,TireK_Sml.szs,TireB_Sml.szs,TireT_Sml.szs,ArmK_Sml.szs,
3,Rng,Slim,TireK_Rng.szs,TireB_Rng.szs,TireT_Rng.szs,ArmK_Rng.szs,
4,Slk,Slick,TireK_Slk.szs,TireB_Slk.szs,TireT_Slk.szs,ArmK_Slk.szs,
5,Mtl,Metal,TireK_Mtl.szs,TireB_Mtl.szs,TireT_Mtl.szs,ArmK_Mtl.szs,
6,Btn,Button,TireK_Btn.szs,TireB_Btn.szs,TireT_Btn.szs,ArmK_Btn.szs,https://www.mariowiki.com/Button_(tire)
7,Ofr,Off-Road,TireK_Ofr.szs,TireB_Ofr.szs,TireT_Ofr.szs,ArmK_Ofr.szs,
8,Spg,Sponge,TireK_Spg.szs,TireB_Spg.szs,TireT_Spg.szs,ArmK_Spg.szs,
9,Wod,Wood,TireK_Wod.szs,TireB_Wod.szs,TireT_Wod.szs,ArmK_Wod.szs,
10,Fun,Cushion,TireK_Fun.szs,TireB_Fun.szs,TireT_Fun.szs,ArmK_Fun.szs,
11,Zst,Blue Standard,TireK_Zst.szs,TireB_Zst.szs,TireT_Zst.szs,ArmK_Zst.szs,
12,Zbi,Hot Monster,TireK_Zbi.szs,TireB_Zbi.szs,TireT_Zbi.szs,ArmK_Zbi.szs,
13,Zsm,Azure Roller,TireK_Zsm.szs,TireB_Zsm.szs,TireT_Zsm.szs,ArmK_Zsm.szs,
14,Zrn,Crimson Slim,TireK_Zrn.szs,TireB_Zrn.szs,TireT_Zrn.szs,ArmK_Zrn.szs,
15,Zsl,Cyber Slick,TireK_Zsl.szs,TireB_Zsl.szs,TireT_Zsl.szs,ArmK_Zsl.szs,
16,Zof,Retro Off-Road,TireK_Zof.szs,TireB_Zof.szs,TireT_Zof.szs,ArmK_Zof.szs,
17,Gld,Gold,TireK_Gld.szs,TireB_Gld.szs,TireT_Gld.szs,ArmK_Gld.szs,
